"Protein","Mutation","DeMaSk_Score","ClinVar_Interpretation","ClinVar_Conversion","ClinVar_Review_Status"
"AHR","N487D",0.0592,"Benign",0,"2"
"AHR","M490V",0.085,"Benign",0,"2"
"AHR","R554K",0.047,"Benign",0,"2"
"AHR","V570I",0.113,"Benign",0,"2"
"ALPK1","L1117P",-0.2861,"Benign",0,"2"
"ARHGEF10","L395F",-0.2066,"Benign",0,"2"
"ATG2B","R402H",-0.1125,"Benign",0,"2"
"ATG2B","V454M",-0.0188,"Benign",0,"2"
"ATG2B","P477L",-0.1006,"Benign",0,"2"
"ATG2B","N479S",0.0783,"Benign",0,"2"
"ATG2B","R1701S",-0.3684,"Benign",0,"2"
"ATG5","M129V",-0.066,"Benign",0,"2"
"ATG7","K326Q",0.0094,"Benign",0,"2"
"ATP7B","G1061E",-0.4254,"Pathogenic",1,"2"
"ATP7B","H1069Q",-0.2597,"Pathogenic",1,"2"
"ATP7B","H1069R",-0.3279,"Pathogenic",1,"2"
"ATR","R109W",-0.3153,"Benign",0,"2"
"ATR","V316I",-0.0197,"Benign",0,"2"
"ATR","V959M",0.0036,"Benign",0,"2"
"ATR","N1612S",0.1123,"Benign",0,"2"
"ATR","R2425Q",-0.0513,"Benign",0,"2"
"ATR","P2434A",-0.1731,"Benign",0,"2"
"ATRX","R2131Q",-0.3815,"Pathogenic",1,"2"
"ATXN3","K295Q",0.0315,"Benign",0,"2"
"BARD1","E580K",0.0256,"Benign",0,"2"
"BCKDK","A61S",0.1105,"Benign",0,"2"
"BLM","P868L",-0.1745,"Benign",0,"2"
"BLM","C1055S",-0.4829,"Pathogenic",1,"2"
"BRAF","T241K",-0.4037,"Pathogenic",1,"3"
"BRAF","T241R",-0.4066,"Pathogenic",1,"2"
"BRAF","T244P",-0.3704,"Pathogenic",1,"3"
"BRAF","A246P",-0.4476,"Pathogenic",1,"3"
"BRAF","Q257R",-0.2264,"Pathogenic",1,"3"
"BRAF","S323L",-0.1359,"Benign",0,"3"
"BRAF","I326V",0.0997,"Benign",0,"3"
"BRAF","R384G",-0.2432,"Benign",0,"3"
"BRAF","G464E",-0.4414,"Pathogenic",1,"3"
"BRAF","G469E",-0.4414,"Pathogenic",1,"3"
"BRAF","E501A",-0.3187,"Pathogenic",1,"2"
"BRAF","N581D",-0.2166,"Pathogenic",1,"3"
"BRAF","D594V",-0.3859,"Pathogenic",1,"3"
"BRAF","G596V",-0.4626,"Pathogenic",1,"3"
"BRAF","L597V",-0.3221,"Pathogenic",1,"2"
"BRAF","T599I",-0.3425,"Pathogenic",1,"3"
"BRAF","T599R",-0.3347,"Pathogenic",1,"3"
"BRAF","V600G",-0.4493,"Pathogenic",1,"3"
"BRAF","K601Q",-0.2437,"Pathogenic",1,"2"
"BRCA1","M18T",-0.3521,"Pathogenic",1,"3"
"BRCA1","L22S",-0.4375,"Pathogenic",1,"3"
"BRCA1","T37K",-0.3862,"Pathogenic",1,"3"
"BRCA1","C39R",-0.5251,"Pathogenic",1,"3"
"BRCA1","C39W",-0.47,"Pathogenic",1,"2"
"BRCA1","C39Y",-0.4761,"Pathogenic",1,"2"
"BRCA1","H41R",-0.3064,"Pathogenic",1,"3"
"BRCA1","C44F",-0.4522,"Pathogenic",1,"3"
"BRCA1","C44Y",-0.3937,"Pathogenic",1,"3"
"BRCA1","K45Q",-0.2084,"Benign",0,"3"
"BRCA1","C47R",-0.5102,"Pathogenic",1,"2"
"BRCA1","C47Y",-0.3934,"Pathogenic",1,"3"
"BRCA1","C61G",-0.4658,"Pathogenic",1,"3"
"BRCA1","C61Y",-0.4767,"Pathogenic",1,"2"
"BRCA1","C64G",-0.4658,"Pathogenic",1,"2"
"BRCA1","C64R",-0.5257,"Pathogenic",1,"2"
"BRCA1","C64Y",-0.4767,"Pathogenic",1,"3"
"BRCA1","D67Y",-0.2236,"Benign",0,"3"
"BRCA1","R71G",-0.4336,"Pathogenic",1,"3"
"BRCA1","R71K",-0.2885,"Pathogenic",1,"2"
"BRCA1","R71T",-0.4032,"Pathogenic",1,"2"
"BRCA1","A102G",-0.1785,"Benign",0,"3"
"BRCA1","M1652T",-0.2473,"Benign",0,"3"
"BRCA1","F1662S",-0.1107,"Benign",0,"3"
"BRCA1","L1664P",-0.2959,"Benign",0,"3"
"BRCA1","T1675I",-0.1532,"Benign",0,"3"
"BRCA1","E1682K",-0.2423,"Benign",0,"3"
"BRCA1","T1685A",-0.3123,"Pathogenic",1,"3"
"BRCA1","T1685I",-0.3382,"Pathogenic",1,"3"
"BRCA1","D1692H",-0.3408,"Pathogenic",1,"3"
"BRCA1","C1697R",-0.5341,"Pathogenic",1,"3"
"BRCA1","R1699Q",-0.3739,"Pathogenic",1,"3"
"BRCA1","R1699W",-0.4169,"Pathogenic",1,"3"
"BRCA1","G1706A",-0.373,"Benign",0,"3"
"BRCA1","G1706E",-0.4325,"Pathogenic",1,"3"
"BRCA1","A1708E",-0.3972,"Pathogenic",1,"3"
"BRCA1","S1715N",-0.2921,"Pathogenic",1,"3"
"BRCA1","T1720A",-0.2092,"Benign",0,"3"
"BRCA1","D1733G",-0.1588,"Benign",0,"3"
"BRCA1","V1736A",-0.3221,"Pathogenic",1,"3"
"BRCA1","R1751Q",-0.3604,"Benign",0,"3"
"BRCA1","L1764P",-0.4379,"Pathogenic",1,"3"
"BRCA1","I1766S",-0.3871,"Pathogenic",1,"3"
"BRCA1","G1770V",-0.4056,"Pathogenic",1,"3"
"BRCA1","M1775K",-0.4466,"Pathogenic",1,"3"
"BRCA1","M1775R",-0.4739,"Pathogenic",1,"3"
"BRCA1","G1788V",-0.4523,"Pathogenic",1,"3"
"BRCA1","V1804D",-0.2904,"Benign",0,"3"
"BRCA1","W1837G",-0.5504,"Pathogenic",1,"3"
"BRCA1","V1838E",-0.4634,"Pathogenic",1,"3"
"BRCA1","L1839S",-0.4384,"Pathogenic",1,"3"
"BRCA1","L1844R",-0.3775,"Benign",0,"3"
"BRCA1","I1858L",-0.1061,"Benign",0,"3"
"BRCA1","P1859R",-0.2969,"Benign",0,"3"
"BTK","R28C",-0.4162,"Pathogenic",1,"2"
"BTK","R28H",-0.3771,"Pathogenic",1,"2"
"BTK","Y40C",-0.3273,"Pathogenic",1,"2"
"BTK","R288Q",-0.3744,"Pathogenic",1,"2"
"BTK","R520Q",-0.3845,"Pathogenic",1,"2"
"BTK","R641H",-0.368,"Pathogenic",1,"2"
"CASP8","D285H",0.0367,"Benign",0,"2"
"CASP9","A28V",0.0842,"Benign",0,"2"
"CASP9","T366N",-0.0877,"Benign",0,"2"
"CBL","Y371H",-0.3539,"Pathogenic",1,"2"
"CDH1","P30T",-0.0841,"Benign",0,"3"
"CDH1","R63Q",-0.0091,"Benign",0,"3"
"CDH1","I96V",0.1423,"Benign",0,"3"
"CDH1","A102T",-0.0959,"Benign",0,"3"
"CDH1","K182N",-0.0076,"Benign",0,"3"
"CDH1","V202I",0.06,"Benign",0,"3"
"CDH1","R224H",-0.0104,"Benign",0,"3"
"CDH1","G239R",-0.374,"Pathogenic",1,"3"
"CDH1","S270A",-0.009,"Benign",0,"3"
"CDH1","G274S",-0.1821,"Benign",0,"3"
"CDH1","A298T",-0.1925,"Benign",0,"3"
"CDH1","T340A",-0.0208,"Benign",0,"3"
"CDH1","E388K",0.0039,"Benign",0,"3"
"CDH1","I393N",-0.3989,"Benign",0,"3"
"CDH1","A408V",-0.2167,"Benign",0,"3"
"CDH1","D433G",-0.2003,"Benign",0,"3"
"CDH1","T470I",-0.2469,"Benign",0,"3"
"CDH1","T522I",-0.0761,"Benign",0,"3"
"CDH1","Y523C",-0.4121,"Benign",0,"3"
"CDH1","T560R",-0.0838,"Pathogenic",1,"3"
"CDH1","A592T",-0.0918,"Benign",0,"3"
"CDH1","A617T",0.0021,"Benign",0,"3"
"CDH1","L630V",-0.1972,"Benign",0,"3"
"CDK4","R24C",-0.2299,"Pathogenic",1,"2"
"CDK4","R24H",-0.1929,"Pathogenic",1,"2"
"CFAP410","V58L",-0.0672,"Benign",0,"2"
"CFAP410","V111M",-0.3269,"Pathogenic",1,"2"
"CFAP410","R117H",-0.0208,"Benign",0,"2"
"CIITA","L477I",0.0532,"Benign",0,"2"
"CIITA","A658G",0.0398,"Benign",0,"2"
"CIITA","A691D",-0.0727,"Benign",0,"2"
"CIITA","S781L",0.0679,"Benign",0,"2"
"CIITA","V782A",-0.0234,"Benign",0,"2"
"CIITA","Q900R",0.0266,"Benign",0,"2"
"CIITA","K975R",0.071,"Benign",0,"2"
"COQ8B","F167L",-0.1069,"Benign",0,"2"
"COQ8B","H174R",-0.0729,"Benign",0,"2"
"CP","E842G",-0.0169,"Benign",0,"2"
"CTNNA1","N257S",-0.0086,"Benign",0,"2"
"CYB5R3","T117S",-0.057,"Benign",0,"2"
"DDX3X","R326H",-0.3014,"Pathogenic",1,"2"
"DDX3X","P568L",-0.3741,"Pathogenic",1,"2"
"DICER1","S295C",0.001,"Benign",0,"3"
"DICER1","P375R",-0.147,"Benign",0,"3"
"DICER1","D609Y",-0.0287,"Benign",0,"3"
"DICER1","A872T",0.0159,"Benign",0,"3"
"DICER1","E1705K",-0.2539,"Pathogenic",1,"3"
"DICER1","D1709N",-0.2959,"Pathogenic",1,"3"
"DICER1","S1814L",-0.3479,"Pathogenic",1,"3"
"DNM2","P263L",-0.3765,"Benign",0,"2"
"DNM2","E368K",-0.3427,"Pathogenic",1,"2"
"DNM2","R369Q",-0.3779,"Pathogenic",1,"2"
"DNM2","R369W",-0.4209,"Pathogenic",1,"2"
"DNM2","R465W",-0.4257,"Pathogenic",1,"2"
"DNM2","M580T",-0.3694,"Pathogenic",1,"2"
"DNM2","A618D",-0.4224,"Pathogenic",1,"2"
"DNM2","A618T",-0.3113,"Pathogenic",1,"2"
"DNM2","L621P",-0.501,"Pathogenic",1,"2"
"DNM2","E650K",-0.3427,"Pathogenic",1,"2"
"DNMT1","R69H",-0.1378,"Benign",0,"2"
"DNMT1","A554V",-0.2866,"Pathogenic",1,"2"
"DNMT3A","R882C",-0.4183,"Pathogenic",1,"2"
"DSTYK","L64F",-0.0011,"Benign",0,"2"
"DSTYK","L432V",-0.102,"Benign",0,"2"
"DSTYK","C641R",-0.2068,"Benign",0,"2"
"EGFR","R521K",0.028,"Benign",0,"2"
"EP300","L1600V",-0.313,"Benign",0,"2"
"ERCC2","G47R",-0.4559,"Pathogenic",1,"2"
"ERCC2","R112H",-0.3774,"Pathogenic",1,"2"
"ERCC2","R616P",-0.5497,"Pathogenic",1,"2"
"ERCC2","R666W",-0.4233,"Pathogenic",1,"2"
"ERCC2","R683Q",-0.3806,"Pathogenic",1,"2"
"ERCC2","R722W",-0.3395,"Pathogenic",1,"2"
"ERCC4","S662P",-0.0368,"Benign",0,"2"
"ERCC5","M254V",-0.2784,"Benign",0,"2"
"ERCC5","N879S",-0.066,"Benign",0,"2"
"ETV6","R399C",-0.321,"Pathogenic",1,"2"
"EXT1","G339D",-0.4149,"Pathogenic",1,"2"
"EXT1","R340H",-0.2407,"Pathogenic",1,"2"
"EXT1","R340L",-0.2884,"Pathogenic",1,"2"
"EXT1","N373D",-0.1353,"Benign",0,"2"
"EXT1","F435L",0.0371,"Benign",0,"2"
"F13A1","V651I",-0.0399,"Benign",0,"2"
"F8","K108T",-0.3044,"Pathogenic",1,"2"
"F8","V181M",-0.3029,"Pathogenic",1,"2"
"F8","E200G",-0.2352,"Pathogenic",1,"3"
"F8","R301H",-0.3448,"Pathogenic",1,"2"
"F8","F312S",-0.3543,"Pathogenic",1,"2"
"F8","L327V",-0.1545,"Pathogenic",1,"3"
"F8","Y365C",-0.308,"Pathogenic",1,"3"
"F8","R391H",-0.3673,"Pathogenic",1,"2"
"F8","G439V",-0.4583,"Pathogenic",1,"2"
"F8","R458C",-0.3437,"Pathogenic",1,"3"
"F8","G498R",-0.44,"Pathogenic",1,"2"
"F8","R503H",-0.1311,"Benign",0,"3"
"F8","R550H",-0.2848,"Pathogenic",1,"3"
"F8","S554G",-0.2777,"Pathogenic",1,"3"
"F8","R612C",-0.3341,"Pathogenic",1,"3"
"F8","M633I",-0.2083,"Pathogenic",1,"3"
"F8","Y683C",-0.3334,"Pathogenic",1,"2"
"F8","T696I",-0.3302,"Pathogenic",1,"3"
"F8","A723T",-0.2712,"Pathogenic",1,"2"
"F8","E739K",-0.2245,"Pathogenic",1,"3"
"F8","V983I",-0.0025,"Benign",0,"3"
"F8","R1079K",-0.0313,"Benign",0,"2"
"F8","D1260E",-0.077,"Benign",0,"2"
"F8","Y1699F",-0.0702,"Pathogenic",1,"2"
"F8","R1708C",-0.3486,"Pathogenic",1,"2"
"F8","R1768H",-0.1713,"Pathogenic",1,"3"
"F8","R1800H",-0.298,"Pathogenic",1,"3"
"F8","N1941S",-0.2981,"Pathogenic",1,"3"
"F8","R2016W",-0.278,"Pathogenic",1,"3"
"F8","V2035A",-0.2111,"Pathogenic",1,"2"
"F8","R2169H",-0.369,"Pathogenic",1,"2"
"F8","R2178C",-0.2633,"Pathogenic",1,"2"
"F8","R2182C",-0.4177,"Pathogenic",1,"2"
"F8","R2182H",-0.3786,"Pathogenic",1,"2"
"F8","A2227T",-0.2953,"Pathogenic",1,"2"
"F8","R2228Q",-0.3136,"Pathogenic",1,"2"
"F8","L2229P",-0.4863,"Pathogenic",1,"2"
"F8","W2248C",-0.5114,"Pathogenic",1,"3"
"F8","M2257V",-0.1493,"Benign",0,"3"
"F8","P2319L",-0.3684,"Pathogenic",1,"2"
"FANCA","G501S",-0.0014,"Benign",0,"2"
"FANCA","P643A",0.0264,"Benign",0,"2"
"FANCA","P643R",-0.0668,"Benign",0,"2"
"FANCA","R764W",-0.3728,"Pathogenic",1,"2"
"FANCA","E936G",-0.3388,"Pathogenic",1,"2"
"FANCA","S1088F",-0.1078,"Benign",0,"2"
"FANCC","V449M",-0.2112,"Benign",0,"2"
"FANCD2","I172M",0.0151,"Benign",0,"2"
"FANCD2","N405S",0.0497,"Benign",0,"2"
"FANCD2","R815Q",-0.3679,"Pathogenic",1,"2"
"FANCE","R343Q",-0.0724,"Benign",0,"2"
"FANCE","A502T",-0.0235,"Benign",0,"2"
"FANCI","P55L",-0.1451,"Benign",0,"2"
"FANCI","A86V",-0.0537,"Benign",0,"2"
"FANCI","V290M",-0.0857,"Benign",0,"2"
"FANCI","V372I",0.0753,"Benign",0,"2"
"FANCI","Q686K",0.0724,"Benign",0,"2"
"FANCI","C742S",-0.1347,"Benign",0,"2"
"FANCI","I877L",-0.0283,"Benign",0,"2"
"FANCL","M247V",-0.0423,"Benign",0,"2"
"FXN","L106S",-0.4396,"Pathogenic",1,"2"
"FYCO1","T1422M",-0.1247,"Benign",0,"2"
"GLUD1","R274C",-0.2739,"Pathogenic",1,"2"
"GOT2","V346G",-0.1684,"Benign",0,"2"
"GSR","R153C",-0.2455,"Benign",0,"2"
"HNF1A","M1T",-0.3607,"Pathogenic",1,"3"
"HNF1A","M1V",-0.3389,"Pathogenic",1,"3"
"HNF1A","G31D",-0.1513,"Benign",0,"3"
"HNF1A","N62S",-0.1788,"Benign",0,"3"
"HNF1A","L107V",-0.1104,"Pathogenic",1,"3"
"HNF1A","P112L",-0.2704,"Pathogenic",1,"3"
"HNF1A","A116V",-0.2097,"Pathogenic",1,"2"
"HNF1A","R131Q",-0.1979,"Pathogenic",1,"3"
"HNF1A","R131W",-0.3138,"Pathogenic",1,"3"
"HNF1A","S142F",-0.3392,"Pathogenic",1,"3"
"HNF1A","H143Y",-0.0565,"Pathogenic",1,"3"
"HNF1A","S145F",-0.3556,"Pathogenic",1,"3"
"HNF1A","R159Q",-0.2226,"Pathogenic",1,"3"
"HNF1A","R159W",-0.3386,"Pathogenic",1,"3"
"HNF1A","R200Q",-0.2977,"Pathogenic",1,"3"
"HNF1A","R200W",-0.4085,"Pathogenic",1,"3"
"HNF1A","R203C",-0.4066,"Pathogenic",1,"3"
"HNF1A","R203H",-0.3675,"Pathogenic",1,"3"
"HNF1A","R203S",-0.3982,"Pathogenic",1,"3"
"HNF1A","G207D",-0.33,"Pathogenic",1,"3"
"HNF1A","Y218C",-0.3344,"Pathogenic",1,"3"
"HNF1A","R229P",-0.5394,"Pathogenic",1,"3"
"HNF1A","R229Q",-0.3721,"Pathogenic",1,"3"
"HNF1A","V246L",-0.1477,"Pathogenic",1,"3"
"HNF1A","T260M",-0.2807,"Pathogenic",1,"3"
"HNF1A","R263C",-0.3183,"Pathogenic",1,"3"
"HNF1A","R263H",-0.2792,"Pathogenic",1,"3"
"HNF1A","R263L",-0.239,"Pathogenic",1,"3"
"HNF1A","R271Q",-0.3791,"Pathogenic",1,"3"
"HNF1A","R271W",-0.4221,"Pathogenic",1,"3"
"HNF1A","R272C",-0.4154,"Pathogenic",1,"3"
"HNF1A","R272H",-0.3763,"Pathogenic",1,"3"
"HNF1A","R272S",-0.4071,"Pathogenic",1,"3"
"HNF1A","A276D",-0.3286,"Pathogenic",1,"3"
"HPRT1","R48H",-0.2281,"Pathogenic",1,"2"
"HRAS","G12C",-0.4134,"Pathogenic",1,"2"
"HRAS","G12S",-0.2866,"Pathogenic",1,"3"
"HRAS","G13C",-0.3482,"Pathogenic",1,"3"
"HRAS","G13D",-0.3385,"Pathogenic",1,"2"
"HRAS","G13V",-0.443,"Pathogenic",1,"2"
"HRAS","T58I",-0.2702,"Pathogenic",1,"3"
"HRAS","G60D",-0.4401,"Pathogenic",1,"2"
"HRAS","G60V",-0.4666,"Pathogenic",1,"2"
"HRAS","E63K",-0.3132,"Pathogenic",1,"2"
"HRAS","N86T",-0.1144,"Benign",0,"3"
"HRAS","K117R",-0.1751,"Pathogenic",1,"3"
"IDH1","V178I",-0.1,"Benign",0,"2"
"IDH1","Y183C",-0.3715,"Benign",0,"2"
"KDM5C","P480L",-0.3745,"Pathogenic",1,"2"
"KIF5A","E251K",-0.3408,"Pathogenic",1,"2"
"KRAS","G12S",-0.2936,"Pathogenic",1,"2"
"KRAS","G12V",-0.3745,"Pathogenic",1,"2"
"KRAS","V14I",-0.2025,"Pathogenic",1,"3"
"KRAS","Q22R",-0.2415,"Pathogenic",1,"3"
"KRAS","P34L",-0.3681,"Pathogenic",1,"3"
"KRAS","T58I",-0.2751,"Pathogenic",1,"3"
"KRAS","G60R",-0.3886,"Pathogenic",1,"3"
"KRAS","G60S",-0.3857,"Pathogenic",1,"2"
"LDHA","G203A",-0.2846,"Benign",0,"2"
"MAP3K15","S199N",-0.0368,"Benign",0,"2"
"MAP3K15","Q1251E",-0.0384,"Benign",0,"2"
"MECP2","L100V",-0.1238,"Pathogenic",1,"3"
"MECP2","P101R",-0.3913,"Pathogenic",1,"3"
"MECP2","P101S",-0.3212,"Pathogenic",1,"3"
"MECP2","V122M",-0.3152,"Pathogenic",1,"3"
"MECP2","P127L",-0.2921,"Pathogenic",1,"3"
"MECP2","R133C",-0.4075,"Pathogenic",1,"3"
"MECP2","R133H",-0.3006,"Pathogenic",1,"3"
"MECP2","R133L",-0.4011,"Pathogenic",1,"3"
"MECP2","S134F",-0.3482,"Pathogenic",1,"3"
"MECP2","K135E",-0.2678,"Pathogenic",1,"3"
"MECP2","Y141C",-0.3275,"Pathogenic",1,"2"
"MECP2","P152R",-0.2307,"Pathogenic",1,"3"
"MECP2","D156G",-0.2557,"Pathogenic",1,"3"
"MECP2","T158A",-0.1149,"Pathogenic",1,"3"
"MEFV","L13V",-0.3162,"Benign",0,"2"
"MLH1","M1K",-0.4353,"Pathogenic",1,"3"
"MLH1","M1R",-0.4625,"Pathogenic",1,"3"
"MLH1","M1T",-0.3438,"Pathogenic",1,"3"
"MLH1","M1V",-0.3221,"Pathogenic",1,"3"
"MLH1","I19F",-0.3802,"Pathogenic",1,"3"
"MLH1","A21E",-0.4026,"Pathogenic",1,"3"
"MLH1","A21V",-0.2351,"Pathogenic",1,"3"
"MLH1","G22A",-0.2925,"Benign",0,"3"
"MLH1","P28L",-0.3733,"Pathogenic",1,"3"
"MLH1","A29G",-0.1196,"Pathogenic",1,"3"
"MLH1","M35R",-0.3941,"Pathogenic",1,"3"
"MLH1","N38H",-0.263,"Pathogenic",1,"3"
"MLH1","N38S",-0.2958,"Pathogenic",1,"3"
"MLH1","D41G",-0.359,"Pathogenic",1,"3"
"MLH1","D41H",-0.3572,"Pathogenic",1,"3"
"MLH1","S44F",-0.2543,"Pathogenic",1,"3"
"MLH1","V49E",-0.3761,"Pathogenic",1,"3"
"MLH1","D63E",-0.2928,"Pathogenic",1,"3"
"MLH1","G67E",-0.4425,"Pathogenic",1,"3"
"MLH1","G67W",-0.4805,"Pathogenic",1,"3"
"MLH1","C77R",-0.5079,"Pathogenic",1,"3"
"MLH1","C77Y",-0.4589,"Pathogenic",1,"3"
"MLH1","T82I",-0.348,"Pathogenic",1,"3"
"MLH1","R100P",-0.547,"Pathogenic",1,"3"
"MLH1","I107R",-0.5089,"Pathogenic",1,"3"
"MLH1","T117M",-0.3181,"Pathogenic",1,"3"
"MLH1","R127K",-0.0819,"Pathogenic",1,"3"
"MLH1","A128P",-0.3767,"Pathogenic",1,"3"
"MLH1","D132H",-0.1796,"Benign",0,"3"
"MLH1","L155R",-0.4736,"Pathogenic",1,"3"
"MLH1","R182G",-0.2475,"Pathogenic",1,"3"
"MLH1","R182K",-0.0863,"Pathogenic",1,"3"
"MLH1","V185G",-0.3712,"Pathogenic",1,"3"
"MLH1","V213M",-0.0288,"Benign",0,"3"
"MLH1","I219L",-0.0537,"Benign",0,"3"
"MLH1","R226Q",-0.1399,"Pathogenic",1,"3"
"MLH1","G244D",-0.3557,"Pathogenic",1,"3"
"MLH1","S247P",-0.3396,"Pathogenic",1,"3"
"MLH1","L260R",-0.4396,"Pathogenic",1,"3"
"MLH1","R265C",-0.4186,"Pathogenic",1,"3"
"MLH1","R265S",-0.4102,"Pathogenic",1,"3"
"MLH1","E268G",-0.2329,"Benign",0,"3"
"MLH1","I276R",-0.3247,"Pathogenic",1,"3"
"MLH1","A281V",-0.0187,"Pathogenic",1,"3"
"MLH1","S295G",-0.1551,"Pathogenic",1,"3"
"MLH1","S295N",-0.1572,"Pathogenic",1,"3"
"MLH1","S295R",-0.2318,"Pathogenic",1,"3"
"MLH1","N306K",-0.332,"Pathogenic",1,"3"
"MLH1","V326A",-0.1636,"Benign",0,"3"
"MLH1","H329P",-0.2034,"Pathogenic",1,"3"
"MLH1","L550P",-0.3204,"Pathogenic",1,"3"
"MLH1","N551S",-0.0929,"Benign",0,"3"
"MLH1","S556I",-0.1081,"Pathogenic",1,"3"
"MLH1","E578G",-0.0499,"Benign",0,"3"
"MLH1","L582P",-0.3864,"Pathogenic",1,"3"
"MLH1","E600G",-0.0369,"Benign",0,"3"
"MLH1","K618T",-0.2021,"Benign",0,"3"
"MLH1","L622H",-0.4383,"Pathogenic",1,"3"
"MLH1","L622P",-0.4793,"Pathogenic",1,"3"
"MLH1","P648S",-0.3155,"Pathogenic",1,"3"
"MLH1","P654L",-0.365,"Pathogenic",1,"3"
"MLH1","R659L",-0.3458,"Pathogenic",1,"3"
"MLH1","R659P",-0.4854,"Pathogenic",1,"3"
"MLH1","A681T",-0.2143,"Pathogenic",1,"3"
"MLH1","R687W",-0.2013,"Pathogenic",1,"3"
"MLH1","Q689R",0.0236,"Benign",0,"3"
"MLH1","S692P",-0.0194,"Benign",0,"3"
"MLH1","V716M",-0.1165,"Benign",0,"3"
"MLH1","H718Y",-0.0901,"Benign",0,"3"
"MLH1","L749P",-0.4952,"Pathogenic",1,"3"
"MLH1","R755G",-0.4437,"Pathogenic",1,"3"
"MSH2","T8M",-0.0547,"Benign",0,"3"
"MSH2","R106K",0.1077,"Benign",0,"3"
"MSH2","N127S",-0.2899,"Benign",0,"3"
"MSH2","V161D",-0.4375,"Pathogenic",1,"3"
"MSH2","G162R",-0.434,"Pathogenic",1,"3"
"MSH2","V163D",-0.3849,"Pathogenic",1,"3"
"MSH2","V163G",-0.2763,"Pathogenic",1,"3"
"MSH2","D167H",-0.255,"Benign",0,"3"
"MSH2","L173R",-0.3604,"Pathogenic",1,"3"
"MSH2","L187P",-0.3396,"Pathogenic",1,"3"
"MSH2","L187R",-0.3364,"Pathogenic",1,"3"
"MSH2","E198G",-0.3462,"Benign",0,"3"
"MSH2","C199R",-0.4765,"Pathogenic",1,"3"
"MSH2","V200D",-0.387,"Pathogenic",1,"3"
"MSH2","A272V",-0.1269,"Benign",0,"3"
"MSH2","L310P",-0.4969,"Pathogenic",1,"3"
"MSH2","L310R",-0.4937,"Pathogenic",1,"2"
"MSH2","G322D",-0.1861,"Benign",0,"3"
"MSH2","L330P",-0.4898,"Pathogenic",1,"3"
"MSH2","C333R",-0.5315,"Pathogenic",1,"2"
"MSH2","C333Y",-0.4826,"Pathogenic",1,"3"
"MSH2","G338E",-0.4411,"Pathogenic",1,"3"
"MSH2","P349L",-0.3727,"Pathogenic",1,"3"
"MSH2","P349R",-0.3938,"Pathogenic",1,"3"
"MSH2","R359S",-0.4066,"Pathogenic",1,"3"
"MSH2","L390F",-0.1834,"Benign",0,"3"
"MSH2","L440P",-0.3953,"Pathogenic",1,"3"
"MSH2","M453K",-0.4019,"Pathogenic",1,"3"
"MSH2","S554C",-0.0707,"Pathogenic",1,"3"
"MSH2","S554G",0.0567,"Pathogenic",1,"3"
"MSH2","S554T",0.0822,"Pathogenic",1,"3"
"MSH2","T564A",0.0683,"Benign",0,"3"
"MSH2","G587R",-0.3187,"Pathogenic",1,"3"
"MSH2","L595R",-0.4099,"Pathogenic",1,"2"
"MSH2","P622L",-0.3744,"Pathogenic",1,"3"
"MSH2","Q629R",0.0153,"Benign",0,"3"
"MSH2","A636P",-0.2401,"Pathogenic",1,"3"
"MSH2","H639Y",-0.2669,"Pathogenic",1,"3"
"MSH2","G669V",-0.4704,"Pathogenic",1,"3"
"MSH2","M688R",-0.4408,"Pathogenic",1,"3"
"MSH2","V695M",-0.3512,"Pathogenic",1,"3"
"MSH2","P696L",-0.3669,"Pathogenic",1,"3"
"MSH2","C697F",-0.4403,"Pathogenic",1,"3"
"MSH2","C697R",-0.4986,"Pathogenic",1,"3"
"MSH3","Q949R",-0.0551,"Benign",0,"2"
"MSH3","A1045T",0.1018,"Benign",0,"2"
"MSH6","S144I",-0.1543,"Benign",0,"3"
"MSH6","H367R",-0.176,"Pathogenic",1,"3"
"MSH6","L396V",-0.1858,"Benign",0,"3"
"MSH6","V398E",-0.3782,"Pathogenic",1,"3"
"MSH6","L449P",-0.4171,"Pathogenic",1,"3"
"MSH6","V480E",-0.4472,"Pathogenic",1,"3"
"MSH6","T767I",-0.3325,"Pathogenic",1,"3"
"MSH6","R772W",-0.4276,"Pathogenic",1,"3"
"MSH6","V878A",0.0542,"Benign",0,"3"
"MSH6","L1063R",-0.4268,"Pathogenic",1,"3"
"MSH6","L1211P",-0.3716,"Pathogenic",1,"3"
"MSH6","R1334Q",-0.0799,"Pathogenic",1,"3"
"MTOR","A1134V",0.0925,"Benign",0,"2"
"MTOR","L1460P",-0.4779,"Pathogenic",1,"3"
"MTOR","C1483R",-0.5394,"Pathogenic",1,"3"
"MTOR","C1483Y",-0.4904,"Pathogenic",1,"3"
"MTOR","E1799K",-0.1655,"Pathogenic",1,"2"
"MTOR","T1977I",-0.3208,"Pathogenic",1,"2"
"MTOR","T1977K",-0.378,"Pathogenic",1,"3"
"MTOR","T1977R",-0.3808,"Pathogenic",1,"3"
"MTOR","S2215F",-0.2161,"Pathogenic",1,"3"
"MTOR","S2215Y",-0.2209,"Pathogenic",1,"3"
"MTOR","M2327I",-0.2625,"Pathogenic",1,"2"
"MTOR","V2406M",-0.2566,"Pathogenic",1,"2"
"MTOR","S2413I",-0.3588,"Pathogenic",1,"2"
"MTOR","E2419K",-0.3398,"Pathogenic",1,"2"
"MTOR","L2427P",-0.4005,"Pathogenic",1,"3"
"NBN","E185Q",0.0597,"Benign",0,"2"
"OPTN","E322K",-0.0575,"Benign",0,"2"
"OTC","K46R",0.1233,"Benign",0,"2"
"OTC","K80E",-0.1619,"Pathogenic",1,"2"
"OTC","R92Q",-0.3785,"Pathogenic",1,"2"
"OTC","R129H",-0.0696,"Pathogenic",1,"2"
"OTC","R141Q",-0.3827,"Pathogenic",1,"2"
"OTC","N161S",-0.1958,"Pathogenic",1,"2"
"OTC","T178M",-0.3516,"Pathogenic",1,"2"
"OTC","Y183C",-0.1642,"Pathogenic",1,"2"
"OTC","G195R",-0.3905,"Pathogenic",1,"2"
"OTC","A208T",-0.1278,"Pathogenic",1,"2"
"OTC","A209V",-0.0621,"Pathogenic",1,"2"
"OTC","P225L",-0.164,"Pathogenic",1,"2"
"OTC","R277Q",-0.3599,"Pathogenic",1,"2"
"OTC","R277W",-0.4029,"Pathogenic",1,"2"
"OTC","V315D",-0.456,"Pathogenic",1,"2"
"PAH","F39L",-0.2365,"Pathogenic",1,"3"
"PAH","L41F",-0.1942,"Pathogenic",1,"3"
"PAH","G46S",-0.2715,"Pathogenic",1,"3"
"PAH","L48S",-0.4494,"Pathogenic",1,"3"
"PAH","E56D",0.0142,"Pathogenic",1,"3"
"PAH","I65T",-0.3679,"Pathogenic",1,"3"
"PAH","I65V",-0.2559,"Pathogenic",1,"3"
"PAH","S67P",-0.4182,"Pathogenic",1,"3"
"PAH","R68G",-0.4356,"Pathogenic",1,"3"
"PAH","R68S",-0.3279,"Pathogenic",1,"3"
"PAH","D84Y",-0.2005,"Pathogenic",1,"3"
"PAH","T92I",0.076,"Pathogenic",1,"2"
"PAH","A104D",-0.0052,"Pathogenic",1,"3"
"PAH","H107R",0.0738,"Pathogenic",1,"3"
"PAH","P122Q",-0.3561,"Pathogenic",1,"2"
"PAH","D143G",-0.2889,"Pathogenic",1,"2"
"PAH","R155H",-0.2987,"Pathogenic",1,"3"
"PAH","A156P",-0.2438,"Pathogenic",1,"3"
"PAH","R158Q",-0.3827,"Pathogenic",1,"3"
"PAH","R158W",-0.4257,"Pathogenic",1,"3"
"PAH","R169G",-0.3448,"Pathogenic",1,"3"
"PAH","R169L",-0.244,"Pathogenic",1,"2"
"PAH","R169S",-0.3099,"Pathogenic",1,"3"
"PAH","H170D",-0.1434,"Pathogenic",1,"3"
"PAH","I174T",-0.3118,"Pathogenic",1,"3"
"PAH","R176L",-0.161,"Pathogenic",1,"3"
"PAH","R176Q",-0.1176,"Pathogenic",1,"3"
"PAH","V177L",-0.259,"Pathogenic",1,"3"
"PAH","V177M",-0.1871,"Pathogenic",1,"3"
"PAH","E178G",-0.1051,"Pathogenic",1,"3"
"PAH","E178K",-0.0783,"Pathogenic",1,"3"
"PAH","E182K",-0.1222,"Pathogenic",1,"2"
"PAH","V190A",-0.2883,"Pathogenic",1,"2"
"PAH","Y204C",-0.1638,"Pathogenic",1,"3"
"PAH","P211T",-0.2282,"Pathogenic",1,"3"
"PAH","L213P",-0.479,"Pathogenic",1,"3"
"PAH","G218V",-0.4072,"Pathogenic",1,"3"
"PAH","P225T",-0.3396,"Pathogenic",1,"2"
"PAH","S231P",-0.4064,"Pathogenic",1,"2"
"PAH","F233I",-0.3666,"Pathogenic",1,"3"
"PAH","R241C",-0.164,"Pathogenic",1,"3"
"PAH","R241H",-0.1249,"Pathogenic",1,"3"
"PAH","L242F",-0.2432,"Pathogenic",1,"3"
"PAH","V245M",-0.3553,"Pathogenic",1,"3"
"PAH","L249F",-0.3476,"Pathogenic",1,"3"
"PAH","R252G",-0.4453,"Pathogenic",1,"3"
"PAH","R252Q",-0.3846,"Pathogenic",1,"3"
"PAH","R252W",-0.4276,"Pathogenic",1,"3"
"PAH","G257V",-0.4322,"Pathogenic",1,"3"
"PAH","R261P",-0.552,"Pathogenic",1,"3"
"PAH","R261Q",-0.3846,"Pathogenic",1,"3"
"PAH","F263S",-0.4283,"Pathogenic",1,"3"
"PAH","Q267E",-0.305,"Pathogenic",1,"3"
"PAH","Q267R",-0.3316,"Pathogenic",1,"3"
"PAH","I269L",-0.1644,"Pathogenic",1,"3"
"PAH","R270K",-0.3001,"Pathogenic",1,"3"
"PAH","P275L",-0.3765,"Pathogenic",1,"3"
"PAH","P275S",-0.3274,"Pathogenic",1,"3"
"PAH","Y277C",-0.4016,"Pathogenic",1,"3"
"PAH","Y277D",-0.4451,"Pathogenic",1,"3"
"PAH","T278I",-0.3327,"Pathogenic",1,"3"
"PAH","T278N",-0.3624,"Pathogenic",1,"3"
"PAH","P279L",-0.3745,"Pathogenic",1,"2"
"PAH","E280A",-0.3207,"Pathogenic",1,"2"
"PAH","E280K",-0.3427,"Pathogenic",1,"2"
"PAH","I283F",-0.2058,"Pathogenic",1,"2"
"PAH","I283N",-0.2819,"Pathogenic",1,"3"
"PAH","E286K",-0.3407,"Pathogenic",1,"3"
"PAH","R297H",-0.2678,"Pathogenic",1,"3"
"PAH","F299C",-0.4174,"Pathogenic",1,"2"
"PAH","A300S",-0.2356,"Pathogenic",1,"3"
"PAH","Q301P",-0.3803,"Pathogenic",1,"3"
"PAH","I306V",-0.1256,"Pathogenic",1,"3"
"PAH","L308F",-0.3392,"Pathogenic",1,"3"
"PAH","A309V",-0.1864,"Pathogenic",1,"3"
"PAH","S310F",-0.353,"Pathogenic",1,"3"
"PAH","L311P",-0.4946,"Pathogenic",1,"3"
"PAH","G312V",-0.4641,"Pathogenic",1,"3"
"PAH","A313V",-0.2156,"Pathogenic",1,"3"
"PAH","P314H",-0.2479,"Pathogenic",1,"3"
"PAH","P314S",-0.1013,"Pathogenic",1,"3"
"PAH","P314T",-0.137,"Pathogenic",1,"3"
"PAH","K320N",-0.2065,"Pathogenic",1,"2"
"PAH","A322T",-0.2803,"Pathogenic",1,"3"
"PAH","I324N",-0.3094,"Pathogenic",1,"3"
"PAH","L333F",-0.273,"Pathogenic",1,"3"
"PAH","D338Y",-0.2527,"Pathogenic",1,"3"
"PAH","A342P",-0.4101,"Pathogenic",1,"2"
"PAH","A345S",-0.3052,"Pathogenic",1,"3"
"PAH","L348V",-0.3263,"Pathogenic",1,"2"
"PAH","S349A",-0.2804,"Pathogenic",1,"2"
"PAH","S350Y",-0.3633,"Pathogenic",1,"2"
"PAH","P362T",-0.1366,"Pathogenic",1,"2"
"PAH","T380M",-0.3452,"Pathogenic",1,"3"
"PAH","Y386C",-0.4226,"Pathogenic",1,"3"
"PAH","V388L",-0.138,"Pathogenic",1,"3"
"PAH","V388M",-0.1646,"Pathogenic",1,"3"
"PAH","E390G",-0.1542,"Pathogenic",1,"3"
"PAH","F392I",-0.2935,"Pathogenic",1,"3"
"PAH","A395P",-0.423,"Pathogenic",1,"2"
"PAH","R400T",-0.192,"Pathogenic",1,"3"
"PAH","A403V",-0.1658,"Pathogenic",1,"3"
"PAH","R408Q",-0.3496,"Pathogenic",1,"3"
"PAH","R408W",-0.3926,"Pathogenic",1,"3"
"PAH","R413P",-0.4363,"Pathogenic",1,"3"
"PAH","Y414C",-0.393,"Pathogenic",1,"3"
"PAH","D415N",-0.1293,"Pathogenic",1,"3"
"PAH","D415V",-0.3213,"Pathogenic",1,"3"
"PAH","D415Y",-0.3193,"Pathogenic",1,"3"
"PAH","T418P",-0.4752,"Pathogenic",1,"3"
"PAH","Q419R",-0.162,"Pathogenic",1,"3"
"PAH","A434D",-0.2218,"Pathogenic",1,"3"
"PAH","A447D",-0.3433,"Pathogenic",1,"2"
"PAH","A447T",-0.144,"Pathogenic",1,"2"
"PALB2","E1083D",-0.0719,"Benign",0,"3"
"PALB2","R1117K",-0.1816,"Pathogenic",1,"3"
"PIK3CA","E81K",-0.1944,"Pathogenic",1,"2"
"PIK3CA","R88Q",-0.2191,"Pathogenic",1,"2"
"PIK3CA","R93Q",-0.1315,"Pathogenic",1,"2"
"PIK3CA","G118D",-0.215,"Pathogenic",1,"2"
"PIK3CA","V344M",-0.1099,"Pathogenic",1,"2"
"PIK3CA","E365K",-0.1142,"Pathogenic",1,"2"
"PIK3CA","C378R",-0.1695,"Pathogenic",1,"2"
"PIK3CA","C378Y",-0.1398,"Pathogenic",1,"2"
"PIK3CA","I391M",-0.1149,"Benign",0,"3"
"PIK3CA","C420R",-0.2336,"Pathogenic",1,"2"
"PIK3CA","E453K",-0.043,"Pathogenic",1,"2"
"PIK3CA","E542K",-0.1282,"Pathogenic",1,"3"
"PIK3CA","Q546R",-0.0664,"Pathogenic",1,"2"
"PIK3CA","E726K",0.054,"Pathogenic",1,"3"
"PIK3CA","K733R",0.0713,"Benign",0,"3"
"PIK3CA","G914R",-0.2925,"Pathogenic",1,"3"
"PIK3CA","N1044S",0.0092,"Pathogenic",1,"2"
"PIK3CA","H1047L",-0.0932,"Pathogenic",1,"2"
"PIK3CA","H1047R",-0.1899,"Pathogenic",1,"3"
"PIK3CA","H1047Y",-0.0295,"Pathogenic",1,"2"
"PIK3CA","G1049S",-0.14,"Pathogenic",1,"2"
"PMS2","R20Q",-0.1119,"Benign",0,"3"
"PMS2","M622I",-0.0762,"Benign",0,"3"
"PMS2","N775S",-0.145,"Benign",0,"3"
"PNP","V217I",-0.1513,"Benign",0,"2"
"POLD1","S173N",0.0696,"Benign",0,"2"
"POLE","A31S",0.0276,"Benign",0,"2"
"POLE","A252V",0.1163,"Benign",0,"2"
"POLE","L424V",-0.3297,"Pathogenic",1,"2"
"POLE","F695I",-0.2579,"Benign",0,"2"
"POLE","N1396S",-0.0791,"Benign",0,"2"
"POLE","C1935Y",-0.155,"Benign",0,"2"
"POLE","G2256R",-0.0704,"Benign",0,"2"
"PTEN","M1V",-0.2088,"Pathogenic",1,"3"
"PTEN","K6E",-0.2618,"Pathogenic",1,"3"
"PTEN","D24Y",-0.3858,"Pathogenic",1,"2"
"PTEN","T26P",-0.3801,"Pathogenic",1,"2"
"PTEN","M35R",-0.4662,"Pathogenic",1,"3"
"PTEN","M35V",-0.3257,"Pathogenic",1,"3"
"PTEN","G36E",-0.4225,"Pathogenic",1,"3"
"PTEN","P38L",-0.3713,"Pathogenic",1,"3"
"PTEN","G44D",-0.3235,"Pathogenic",1,"2"
"PTEN","R47G",-0.4364,"Pathogenic",1,"3"
"PTEN","I50T",-0.237,"Pathogenic",1,"3"
"PTEN","C71Y",-0.4724,"Pathogenic",1,"3"
"PTEN","H93R",-0.3331,"Pathogenic",1,"3"
"PTEN","P95L",-0.3098,"Pathogenic",1,"3"
"PTEN","D107V",-0.3196,"Pathogenic",1,"3"
"PTEN","D107Y",-0.3176,"Pathogenic",1,"3"
"PTEN","H123D",-0.3244,"Pathogenic",1,"3"
"PTEN","H123R",-0.3136,"Pathogenic",1,"3"
"PTEN","C124R",-0.5445,"Pathogenic",1,"3"
"PTEN","R130G",-0.4449,"Pathogenic",1,"3"
"PTEN","R130P",-0.5516,"Pathogenic",1,"3"
"PTEN","R130Q",-0.3843,"Pathogenic",1,"3"
"PTEN","T131I",-0.3428,"Pathogenic",1,"3"
"PTEN","G132D",-0.4436,"Pathogenic",1,"3"
"PTEN","C136Y",-0.3798,"Pathogenic",1,"3"
"PTEN","Y155C",-0.3983,"Pathogenic",1,"3"
"PTEN","G165V",-0.3853,"Pathogenic",1,"2"
"PTEN","S170I",-0.3573,"Pathogenic",1,"2"
"PTEN","R173C",-0.4077,"Pathogenic",1,"3"
"PTEN","L181P",-0.3929,"Pathogenic",1,"3"
"PTEN","P204A",-0.132,"Pathogenic",1,"3"
"PTEN","C211W",-0.2043,"Pathogenic",1,"3"
"PTEN","P246L",-0.0669,"Pathogenic",1,"3"
"PTEN","D252G",-0.3505,"Pathogenic",1,"3"
"PTEN","T277I",-0.2537,"Pathogenic",1,"3"
"PTEN","D326N",-0.3099,"Pathogenic",1,"2"
"PTEN","L345P",-0.3017,"Pathogenic",1,"3"
"RAD51B","L172W",-0.1098,"Benign",0,"2"
"RAD51B","Y180C",-0.1018,"Benign",0,"2"
"RAF1","I32V",0.0452,"Benign",0,"3"
"RAF1","R40H",-0.2262,"Benign",0,"3"
"RAF1","N71S",-0.0824,"Benign",0,"3"
"RAF1","S257L",-0.3522,"Pathogenic",1,"3"
"RAF1","S259A",-0.2766,"Pathogenic",1,"3"
"RAF1","S259F",-0.3547,"Pathogenic",1,"2"
"RAF1","S259T",-0.2673,"Pathogenic",1,"3"
"RAF1","S259Y",-0.3595,"Pathogenic",1,"3"
"RAF1","P261S",-0.3254,"Pathogenic",1,"3"
"RAF1","P308L",-0.1819,"Benign",0,"3"
"RAF1","G361A",-0.3818,"Pathogenic",1,"3"
"RAF1","D381N",-0.0517,"Benign",0,"3"
"RAF1","S427G",-0.2842,"Pathogenic",1,"2"
"RAF1","T491I",-0.3428,"Pathogenic",1,"3"
"RAF1","L613V",-0.3183,"Pathogenic",1,"3"
"RFWD3","S361F",-0.029,"Benign",0,"2"
"RFWD3","M367T",0.0455,"Benign",0,"2"
"RUNX1","K83E",-0.2595,"Pathogenic",1,"3"
"RUNX1","A107P",-0.4612,"Pathogenic",1,"3"
"RUNX1","R139Q",-0.3794,"Pathogenic",1,"3"
"RUNX1","R174Q",-0.3095,"Pathogenic",1,"3"
"RUNX1","R177Q",-0.3772,"Pathogenic",1,"3"
"SMPD1","P186L",-0.2109,"Pathogenic",1,"2"
"SMPD1","P187S",-0.0135,"Benign",0,"2"
"SMPD1","A283T",-0.1654,"Pathogenic",1,"2"
"SMPD1","Q294K",-0.1561,"Pathogenic",1,"2"
"SMPD1","L363R",-0.3288,"Pathogenic",1,"2"
"SMPD1","N391H",-0.3107,"Pathogenic",1,"2"
"SMPD1","W393G",-0.4322,"Pathogenic",1,"2"
"SMPD1","H423Y",-0.125,"Pathogenic",1,"2"
"SMPD1","G508R",-0.1176,"Benign",0,"2"
"SOD1","A5S",-0.2148,"Pathogenic",1,"2"
"SOD1","A5T",-0.2966,"Pathogenic",1,"2"
"SOD1","A5V",-0.2258,"Pathogenic",1,"2"
"SOD1","G42D",-0.3977,"Pathogenic",1,"2"
"SOD1","G42S",-0.2653,"Pathogenic",1,"2"
"SOD1","H44R",-0.1984,"Pathogenic",1,"2"
"SOD1","H47R",-0.3243,"Pathogenic",1,"2"
"SOD1","N87S",-0.2989,"Pathogenic",1,"2"
"SOD1","G94S",-0.2337,"Pathogenic",1,"2"
"SOD1","E101G",-0.1085,"Pathogenic",1,"2"
"SOD1","S106L",-0.1667,"Pathogenic",1,"2"
"SOD1","L107V",-0.2466,"Pathogenic",1,"2"
"SOD1","N140K",-0.3173,"Pathogenic",1,"2"
"SOD1","L145S",-0.2112,"Pathogenic",1,"2"
"STAT3","R152W",-0.2876,"Pathogenic",1,"2"
"STAT3","R382Q",-0.3844,"Pathogenic",1,"2"
"STAT3","R382W",-0.4274,"Pathogenic",1,"2"
"STAT3","R423Q",-0.1532,"Pathogenic",1,"2"
"STAT3","V461L",-0.1233,"Benign",0,"2"
"STAT3","N466S",-0.1816,"Pathogenic",1,"2"
"STAT3","V637M",-0.3496,"Pathogenic",1,"2"
"STAT3","T716M",-0.0095,"Pathogenic",1,"2"
"TGFBI","R124C",-0.1597,"Pathogenic",1,"2"
"TGFBI","R124H",-0.0395,"Pathogenic",1,"2"
"TGFBI","R124L",-0.0612,"Pathogenic",1,"2"
"TGFBI","M343V",-0.018,"Benign",0,"2"
"TGFBI","H438Y",-0.182,"Benign",0,"2"
"TGFBI","R555Q",-0.0747,"Pathogenic",1,"2"
"TGFBI","R555W",-0.2008,"Pathogenic",1,"2"
"TP53","Y107H",-0.1365,"Benign",0,"3"
"TP53","S127Y",-0.3631,"Pathogenic",1,"3"
"TP53","L130P",-0.5007,"Pathogenic",1,"2"
"TP53","M133T",-0.3445,"Pathogenic",1,"2"
"TP53","P151A",-0.3057,"Pathogenic",1,"2"
"TP53","P152L",-0.3026,"Pathogenic",1,"3"
"TP53","Y163C",-0.3448,"Pathogenic",1,"3"
"TP53","V173M",-0.289,"Pathogenic",1,"3"
"TP53","R175H",-0.2906,"Pathogenic",1,"2"
"TP53","C176Y",-0.492,"Pathogenic",1,"2"
"TP53","H193P",-0.4603,"Pathogenic",1,"3"
"TP53","Y205C",-0.4159,"Pathogenic",1,"2"
"TP53","R213Q",-0.3129,"Pathogenic",1,"2"
"TP53","Y220C",-0.4154,"Pathogenic",1,"3"
"TP53","Y220S",-0.4494,"Pathogenic",1,"2"
"TP53","Y234N",-0.3878,"Pathogenic",1,"2"
"TP53","N235S",-0.1536,"Benign",0,"3"
"TP53","C238G",-0.4849,"Pathogenic",1,"2"
"TP53","G244S",-0.3876,"Pathogenic",1,"2"
"TP53","G245C",-0.4415,"Pathogenic",1,"2"
"TP53","G245S",-0.3876,"Pathogenic",1,"3"
"TP53","G245V",-0.4685,"Pathogenic",1,"2"
"TP53","R248L",-0.4049,"Pathogenic",1,"3"
"TP53","R248Q",-0.3093,"Pathogenic",1,"3"
"TP53","R248W",-0.4202,"Pathogenic",1,"3"
"TP53","R267G",-0.4338,"Pathogenic",1,"2"
"TP53","V272M",-0.2245,"Pathogenic",1,"3"
"TP53","R273H",-0.2953,"Pathogenic",1,"3"
"TP53","R273L",-0.406,"Pathogenic",1,"2"
"TP53","R273S",-0.4041,"Pathogenic",1,"2"
"TP53","A276G",-0.3271,"Pathogenic",1,"2"
"TP53","P278L",-0.3047,"Pathogenic",1,"2"
"TP53","D281G",-0.348,"Pathogenic",1,"2"
"TP53","R282G",-0.368,"Pathogenic",1,"2"
"TRAP1","E192K",0.0203,"Benign",0,"2"
"TRAP1","R307G",-0.1582,"Benign",0,"2"
"TRAP1","D395E",-0.1903,"Benign",0,"2"
"TSC1","L61P",-0.4713,"Pathogenic",1,"2"
"TSC2","G294R",-0.4481,"Pathogenic",1,"2"
"TSC2","R367Q",-0.1491,"Benign",0,"2"
"TSC2","R611W",-0.4214,"Pathogenic",1,"2"
"TSC2","R905W",-0.4271,"Pathogenic",1,"2"
"TSC2","P1497R",-0.3941,"Pathogenic",1,"2"
"TSC2","H1640Y",-0.2653,"Pathogenic",1,"2"
"TSC2","G1642D",-0.4404,"Pathogenic",1,"2"
"TSC2","N1651S",-0.2871,"Pathogenic",1,"2"
"TSC2","P1709L",-0.2924,"Pathogenic",1,"2"
"TSC2","R1743W",-0.4237,"Pathogenic",1,"2"
"TTR","L32P",-0.4558,"Pathogenic",1,"2"
"TTR","L32V",-0.2018,"Pathogenic",1,"2"
"TTR","D38E",-0.207,"Pathogenic",1,"2"
"TTR","D38G",-0.2003,"Pathogenic",1,"2"
"TTR","D38N",-0.1238,"Pathogenic",1,"2"
"TTR","V40I",-0.0755,"Pathogenic",1,"2"
"TTR","P44S",-0.2474,"Pathogenic",1,"2"
"TTR","V50A",-0.1267,"Pathogenic",1,"2"
"TTR","V50M",-0.1313,"Pathogenic",1,"2"
"TTR","F53L",-0.022,"Pathogenic",1,"2"
"TTR","D58A",-1e-04,"Pathogenic",1,"2"
"TTR","G67A",-0.1398,"Pathogenic",1,"2"
"TTR","G67E",-0.2214,"Pathogenic",1,"2"
"TTR","T69I",-0.2604,"Pathogenic",1,"2"
"TTR","S72P",-0.2184,"Pathogenic",1,"2"
"TTR","E74K",-0.2131,"Pathogenic",1,"2"
"TTR","I104S",-0.079,"Pathogenic",1,"2"
"TTR","H108R",-0.2261,"Pathogenic",1,"2"
"TTR","E109Q",-0.0594,"Pathogenic",1,"2"
"TTR","Y134C",-0.2224,"Pathogenic",1,"2"
"TTR","V142I",-0.1458,"Pathogenic",1,"2"
"VCP","R93C",-0.3215,"Pathogenic",1,"2"
"VCP","R155H",-0.2749,"Pathogenic",1,"2"
"VCP","R159H",-0.2803,"Pathogenic",1,"2"
"VHL","S65L",-0.3426,"Pathogenic",1,"2"
"VHL","S65W",-0.3529,"Pathogenic",1,"2"
"VHL","N78S",-0.2952,"Pathogenic",1,"2"
"VHL","N78T",-0.3448,"Pathogenic",1,"2"
"VHL","S80I",-0.2509,"Pathogenic",1,"2"
"VHL","R82P",-0.4482,"Pathogenic",1,"2"
"VHL","P86L",-0.1035,"Pathogenic",1,"2"
"VHL","G93D",-0.4264,"Pathogenic",1,"2"
"VHL","G93S",-0.372,"Pathogenic",1,"2"
"VHL","R107H",-0.0791,"Pathogenic",1,"2"
"VHL","S111G",-0.1916,"Pathogenic",1,"2"
"VHL","S111N",-0.1318,"Pathogenic",1,"2"
"VHL","Y112H",-0.2482,"Pathogenic",1,"2"
"VHL","Y112N",-0.3336,"Pathogenic",1,"2"
"VHL","G114R",-0.2248,"Pathogenic",1,"2"
"VHL","G114S",-0.1325,"Pathogenic",1,"2"
"VHL","H115R",-0.3251,"Pathogenic",1,"2"
"VHL","W117C",-0.4363,"Pathogenic",1,"2"
"VHL","L118P",-0.3078,"Pathogenic",1,"2"
"VHL","L118R",-0.2368,"Pathogenic",1,"2"
"VHL","V130L",-0.1464,"Pathogenic",1,"2"
"VHL","A149S",-0.0655,"Pathogenic",1,"2"
"VHL","I151T",-0.3399,"Pathogenic",1,"2"
"VHL","P154L",-0.3531,"Pathogenic",1,"2"
"VHL","Y156C",-0.1748,"Pathogenic",1,"2"
"VHL","L158P",-0.4147,"Pathogenic",1,"2"
"VHL","L158V",-0.2366,"Pathogenic",1,"2"
"VHL","R161G",-0.2773,"Pathogenic",1,"2"
"VHL","R161Q",-0.1489,"Pathogenic",1,"2"
"VHL","C162R",-0.4296,"Pathogenic",1,"2"
"VHL","C162W",-0.3744,"Pathogenic",1,"2"
"VHL","Q164R",-0.0693,"Pathogenic",1,"2"
"VHL","V166F",-0.1921,"Pathogenic",1,"2"
"VHL","R167G",-0.2851,"Pathogenic",1,"2"
"VHL","L178P",-0.4639,"Pathogenic",1,"2"
"VHL","L178R",-0.4607,"Pathogenic",1,"2"
"WDR45","M1T",-0.3116,"Pathogenic",1,"2"
"WRN","L984I",-0.0964,"Benign",0,"2"
"WRN","S1079L",0.0155,"Benign",0,"2"
