"threshold","sensitivity","specificity","D"
Inf,1,0,1
0.1328,1,0.005,0.990025
0.1198,1,0.01,0.9801
0.11465,1,0.015,0.970225
0.11265,1,0.02,0.9604
0.1114,1,0.025,0.950625
0.1091,1,0.03,0.9409
0.10475,1,0.035,0.931225
0.10075,1,0.04,0.9216
0.0961,1,0.045,0.912025
0.08875,1,0.05,0.9025
0.0846,1,0.055,0.893025
0.0832,1,0.06,0.8836
0.08025,0.998473282442748,0.06,0.8836023308665
0.07715,0.998473282442748,0.065,0.8742273308665
0.07565,0.996946564885496,0.065,0.874234323465999
0.07455,0.996946564885496,0.07,0.864909323465998
0.0731,0.995419847328244,0.07,0.864920977798497
0.07185,0.995419847328244,0.075,0.855645977798497
0.07115,0.995419847328244,0.08,0.846420977798497
0.0703,0.995419847328244,0.085,0.837245977798497
0.06895,0.995419847328244,0.09,0.828120977798497
0.0681,0.995419847328244,0.095,0.819045977798497
0.06395,0.995419847328244,0.1,0.810020977798497
0.05985,0.995419847328244,0.105,0.801045977798497
0.05945,0.995419847328244,0.11,0.792120977798497
0.05795,0.995419847328244,0.115,0.783245977798497
0.05545,0.993893129770992,0.115,0.783262293863994
0.0541,0.993893129770992,0.12,0.774437293863994
0.0536,0.99236641221374,0.12,0.77445827166249
0.05145,0.99236641221374,0.125,0.765683271662491
0.04835,0.99236641221374,0.13,0.756958271662491
0.04625,0.99236641221374,0.135,0.748283271662491
0.04535,0.99236641221374,0.14,0.73965827166249
0.0425,0.99236641221374,0.145,0.73108327166249
0.03845,0.99236641221374,0.15,0.72255827166249
0.0369,0.99236641221374,0.155,0.71408327166249
0.0341,0.99236641221374,0.16,0.70565827166249
0.02975,0.99236641221374,0.165,0.69728327166249
0.0278,0.99236641221374,0.17,0.68895827166249
0.0271,0.99236641221374,0.175,0.68068327166249
0.0265,0.99236641221374,0.18,0.672458271662491
0.026,0.99236641221374,0.185,0.66428327166249
0.0246,0.99236641221374,0.19,0.656158271662491
0.02195,0.99236641221374,0.195,0.64808327166249
0.0181,0.99236641221374,0.2,0.640058271662491
0.0157,0.99236641221374,0.205,0.632083271662491
0.0154,0.99236641221374,0.21,0.624158271662491
0.0152,0.99236641221374,0.215,0.616283271662491
0.01465,0.99236641221374,0.22,0.608458271662491
0.0118,0.990839694656489,0.22,0.608483911193986
0.0093,0.990839694656489,0.225,0.600708911193986
0.00655,0.989312977099237,0.225,0.600739212458481
0.00375,0.989312977099237,0.23,0.593014212458481
0.00285,0.989312977099237,0.235,0.585339212458481
0.00155,0.989312977099237,0.24,0.577714212458481
0.00045,0.989312977099237,0.245,0.570139212458481
-6e-04,0.987786259541985,0.245,0.570174175455976
-0.00125,0.987786259541985,0.25,0.562649175455976
-0.00195,0.987786259541985,0.255,0.555174175455976
-0.00385,0.987786259541985,0.26,0.547749175455976
-0.0064,0.986259541984733,0.26,0.547788800186469
-0.0081,0.986259541984733,0.265,0.540413800186469
-0.0088,0.986259541984733,0.27,0.533088800186469
-0.00905,0.986259541984733,0.275,0.525813800186469
-0.0093,0.986259541984733,0.28,0.518588800186469
-0.00995,0.984732824427481,0.28,0.518633086649962
-0.01195,0.984732824427481,0.285,0.511458086649962
-0.0152,0.984732824427481,0.29,0.504333086649962
-0.01745,0.984732824427481,0.295,0.497258086649962
-0.01835,0.984732824427481,0.3,0.490233086649962
-0.01875,0.983206106870229,0.3,0.490282034846454
-0.0191,0.983206106870229,0.305,0.483307034846454
-0.01955,0.983206106870229,0.31,0.476382034846454
-0.02025,0.983206106870229,0.315,0.469507034846454
-0.0214,0.983206106870229,0.325,0.455907034846454
-0.0227,0.981679389312977,0.325,0.455960644775946
-0.02345,0.981679389312977,0.33,0.449235644775945
-0.0259,0.981679389312977,0.335,0.442560644775945
-0.0285,0.981679389312977,0.34,0.435935644775945
-0.02875,0.981679389312977,0.345,0.429360644775945
-0.0289,0.981679389312977,0.35,0.422835644775945
-0.02925,0.981679389312977,0.355,0.416360644775945
-0.0304,0.980152671755725,0.355,0.416418916438436
-0.03405,0.980152671755725,0.36,0.409993916438436
-0.03685,0.980152671755725,0.37,0.397293916438436
-0.03765,0.980152671755725,0.375,0.391018916438436
-0.03895,0.980152671755725,0.38,0.384793916438436
-0.0397,0.978625954198473,0.38,0.384856849833926
-0.0411,0.978625954198473,0.385,0.378681849833926
-0.04265,0.978625954198473,0.39,0.372556849833926
-0.04645,0.977099236641221,0.39,0.372624444962415
-0.0506,0.977099236641221,0.395,0.366549444962415
-0.0515,0.977099236641221,0.4,0.360524444962415
-0.0527,0.977099236641221,0.405,0.354549444962415
-0.0542,0.977099236641221,0.415,0.342749444962415
-0.0549,0.977099236641221,0.42,0.336924444962415
-0.0558,0.977099236641221,0.425,0.331149444962415
-0.05675,0.975572519083969,0.425,0.331221701823903
-0.05725,0.975572519083969,0.43,0.325496701823903
-0.05845,0.975572519083969,0.435,0.319821701823903
-0.0603,0.974045801526718,0.435,0.31989862041839
-0.06165,0.972519083969466,0.435,0.319980200745877
-0.0638,0.970992366412214,0.435,0.320066442806363
-0.06575,0.969465648854962,0.435,0.320157346599848
-0.0662,0.969465648854962,0.445,0.308957346599848
-0.0666,0.96793893129771,0.445,0.309052912126333
-0.06685,0.96793893129771,0.45,0.303527912126333
-0.06705,0.966412213740458,0.45,0.303628139385817
-0.06825,0.966412213740458,0.455,0.298153139385817
-0.06945,0.964885496183206,0.455,0.2982580283783
-0.0699,0.963358778625954,0.455,0.298367579103782
-0.0703,0.961832061068702,0.455,0.298481791562263
-0.07055,0.961832061068702,0.46,0.293056791562263
-0.0713,0.96030534351145,0.46,0.293175665753744
-0.07215,0.96030534351145,0.465,0.287800665753744
-0.07255,0.96030534351145,0.47,0.282475665753744
-0.0728,0.96030534351145,0.475,0.277200665753744
-0.0738,0.96030534351145,0.48,0.271975665753744
-0.0751,0.958778625954198,0.48,0.272099201678224
-0.0758,0.957251908396947,0.48,0.272227399335703
-0.07615,0.957251908396947,0.485,0.267052399335703
-0.0766,0.957251908396947,0.49,0.261927399335703
-0.07765,0.957251908396947,0.495,0.256852399335703
-0.07865,0.955725190839695,0.495,0.256985258726181
-0.07905,0.954198473282443,0.495,0.257122779849659
-0.0795,0.952671755725191,0.5,0.252239962706136
-0.0809,0.951145038167939,0.5,0.252386807295612
-0.08215,0.949618320610687,0.5,0.252538313618088
-0.0831,0.949618320610687,0.505,0.247563313618088
-0.08395,0.948091603053435,0.505,0.247719481673562
-0.0849,0.948091603053435,0.51,0.242794481673562
-0.086,0.948091603053435,0.515,0.237919481673562
-0.087,0.946564885496183,0.515,0.238080311462036
-0.0889,0.946564885496183,0.52,0.233255311462036
-0.09095,0.946564885496183,0.525,0.228480311462036
-0.09235,0.946564885496183,0.53,0.223755311462036
-0.09305,0.946564885496183,0.535,0.219080311462036
-0.09455,0.945038167938931,0.535,0.219245802983509
-0.09615,0.945038167938931,0.54,0.214620802983509
-0.0982,0.945038167938931,0.545,0.210045802983509
-0.1003,0.945038167938931,0.55,0.205520802983509
-0.10095,0.945038167938931,0.555,0.201045802983509
-0.10155,0.943511450381679,0.555,0.201215956237981
-0.1019,0.943511450381679,0.56,0.196790956237981
-0.10275,0.943511450381679,0.565,0.192415956237982
-0.1043,0.941984732824428,0.565,0.192590771225453
-0.1056,0.940458015267176,0.565,0.192770247945924
-0.1065,0.940458015267176,0.57,0.188445247945924
-0.10735,0.940458015267176,0.575,0.184170247945924
-0.10795,0.940458015267176,0.58,0.179945247945924
-0.1083,0.938931297709924,0.58,0.180129386399394
-0.10915,0.937404580152672,0.58,0.180318186585863
-0.10985,0.937404580152672,0.585,0.176143186585863
-0.11015,0.93587786259542,0.585,0.176336648505332
-0.11055,0.934351145038168,0.585,0.1765347721578
-0.1113,0.934351145038168,0.59,0.1724097721578
-0.1122,0.934351145038168,0.595,0.1683347721578
-0.11335,0.934351145038168,0.6,0.1643097721578
-0.1143,0.932824427480916,0.6,0.164512557543267
-0.11465,0.932824427480916,0.605,0.160537557543267
-0.1157,0.931297709923664,0.61,0.156820004661733
-0.11705,0.931297709923664,0.615,0.152945004661733
-0.1186,0.929770992366412,0.62,0.149332113513199
-0.1209,0.92824427480916,0.62,0.149548884097663
-0.12275,0.926717557251908,0.62,0.149770316415127
-0.12355,0.926717557251908,0.625,0.145995316415127
-0.12425,0.923664122137405,0.625,0.146452166249053
-0.1248,0.923664122137405,0.63,0.142727166249053
-0.12495,0.922137404580153,0.63,0.142962583765515
-0.1253,0.920610687022901,0.63,0.143202663014976
-0.12615,0.919083969465649,0.63,0.143447403997436
-0.1268,0.917557251908397,0.63,0.143696806712896
-0.12735,0.917557251908397,0.635,0.140021806712895
-0.128,0.916030534351145,0.635,0.140275871161354
-0.12875,0.914503816793893,0.635,0.140534597342812
-0.1302,0.912977099236641,0.635,0.140797985257269
-0.1312,0.912977099236641,0.64,0.137172985257269
-0.1314,0.911450381679389,0.64,0.137441034904726
-0.13165,0.909923664122137,0.64,0.137713746285182
-0.1319,0.908396946564885,0.64,0.137991119398636
-0.13225,0.906870229007634,0.64,0.138273154245091
-0.1336,0.905343511450382,0.64,0.138559850824544
-0.135,0.905343511450382,0.645,0.134984850824544
-0.1356,0.905343511450382,0.65,0.131459850824544
-0.1362,0.905343511450382,0.655,0.127984850824544
-0.13655,0.905343511450382,0.66,0.124559850824544
-0.1368,0.90381679389313,0.66,0.124851209136997
-0.1374,0.902290076335878,0.66,0.125147229182449
-0.1379,0.902290076335878,0.665,0.121772229182449
-0.1389,0.900763358778626,0.665,0.1220729109609
-0.13985,0.897709923664122,0.665,0.1226882597168
-0.13995,0.89618320610687,0.665,0.123002926694249
-0.1417,0.894656488549618,0.665,0.123322255404697
-0.1437,0.893129770992366,0.665,0.123646245848144
-0.1445,0.891603053435114,0.665,0.123974898024591
-0.14505,0.891603053435114,0.67,0.120649898024591
-0.14545,0.891603053435114,0.675,0.117374898024591
-0.1461,0.890076335877863,0.675,0.117708211934036
-0.1467,0.888549618320611,0.675,0.118046187576482
-0.14735,0.888549618320611,0.68,0.114821187576482
-0.1483,0.887022900763359,0.68,0.115163824951926
-0.149,0.885496183206107,0.68,0.115511124060369
-0.1492,0.885496183206107,0.685,0.112336124060369
-0.1503,0.885496183206107,0.69,0.109211124060369
-0.15225,0.885496183206107,0.7,0.103111124060369
-0.1534,0.883969465648855,0.705,0.100488084901812
-0.1539,0.883969465648855,0.71,0.0975630849018123
-0.15425,0.882442748091603,0.71,0.0979197074762543
-0.1544,0.882442748091603,0.715,0.0950447074762543
-0.15475,0.880916030534351,0.715,0.0954059917836956
-0.15505,0.880916030534351,0.72,0.0925809917836956
-0.1556,0.879389312977099,0.72,0.0929469378241361
-0.15665,0.877862595419847,0.72,0.0933175455975759
-0.1577,0.876335877862595,0.72,0.0936928151040149
-0.1585,0.876335877862595,0.725,0.0909178151040149
-0.15925,0.876335877862595,0.73,0.0881928151040149
-0.16035,0.874809160305344,0.73,0.0885727463434532
-0.16145,0.873282442748092,0.73,0.0889573393158907
-0.16195,0.87175572519084,0.73,0.0893465940213274
-0.1628,0.870229007633588,0.73,0.0897405104597634
-0.1637,0.870229007633588,0.735,0.0870655104597634
-0.1639,0.868702290076336,0.735,0.0874640886311986
-0.1641,0.865648854961832,0.735,0.0882752301730668
-0.1643,0.86412213740458,0.735,0.0886877935434998
-0.1645,0.862595419847328,0.735,0.089105018646932
-0.165,0.861068702290076,0.735,0.0895269054833634
-0.16545,0.859541984732824,0.735,0.0899534540527941
-0.16565,0.858015267175573,0.735,0.0903846643552241
-0.16625,0.856488549618321,0.735,0.0908205363906532
-0.16755,0.854961832061069,0.735,0.0912610701590817
-0.16895,0.854961832061069,0.74,0.0886360701590816
-0.1704,0.853435114503817,0.74,0.0890812656605093
-0.1722,0.851908396946565,0.74,0.0895311228949362
-0.1738,0.851908396946565,0.745,0.0869561228949362
-0.17465,0.851908396946565,0.75,0.0844311228949362
-0.17495,0.850381679389313,0.75,0.0848856418623623
-0.17555,0.848854961832061,0.75,0.0853448225627877
-0.17725,0.847328244274809,0.75,0.0858086649962124
-0.17865,0.847328244274809,0.755,0.0833336649962124
-0.1792,0.847328244274809,0.76,0.0809086649962124
-0.1806,0.847328244274809,0.765,0.0785336649962124
-0.18175,0.844274809160305,0.765,0.0794753350620593
-0.18195,0.844274809160305,0.77,0.0771503350620593
-0.18205,0.844274809160305,0.775,0.0748753350620593
-0.18275,0.844274809160305,0.78,0.0726503350620593
-0.1846,0.844274809160305,0.785,0.0704753350620593
-0.18595,0.844274809160305,0.79,0.0683503350620593
-0.18625,0.844274809160305,0.795,0.0662753350620593
-0.18675,0.842748091603053,0.795,0.0667531626944817
-0.1885,0.841221374045802,0.795,0.0672356520599033
-0.1901,0.83969465648855,0.795,0.0677228031583241
-0.19095,0.83969465648855,0.8,0.0656978031583241
-0.1918,0.838167938931298,0.8,0.0661896159897442
-0.19205,0.836641221374046,0.8,0.0666860905541635
-0.1923,0.835114503816794,0.8,0.0671872268515821
-0.1927,0.835114503816794,0.805,0.0652122268515821
-0.19355,0.833587786259542,0.805,0.0657180248819999
-0.1943,0.83206106870229,0.805,0.0662284846454169
-0.1951,0.830534351145038,0.805,0.0667436061418332
-0.1965,0.829007633587786,0.805,0.0672633893712487
-0.19755,0.829007633587786,0.81,0.0653383893712487
-0.19815,0.827480916030534,0.81,0.0658628343336635
-0.19935,0.825954198473282,0.81,0.0663919410290775
-0.2004,0.824427480916031,0.815,0.0650507094574908
-0.20065,0.822900763358779,0.815,0.0655891396189034
-0.20105,0.821374045801527,0.815,0.0661322315133151
-0.20155,0.819847328244275,0.815,0.0666799851407261
-0.20195,0.818320610687023,0.815,0.0672324005011363
-0.2023,0.818320610687023,0.82,0.0654074005011363
-0.20295,0.816793893129771,0.82,0.0659644775945458
-0.20385,0.815267175572519,0.82,0.0665262164209545
-0.20505,0.813740458015267,0.82,0.0670926169803625
-0.20615,0.812213740458015,0.82,0.0676636792727697
-0.20655,0.810687022900763,0.82,0.0682394032981761
-0.2067,0.810687022900763,0.825,0.0664644032981761
-0.2069,0.810687022900763,0.83,0.0647394032981761
-0.20765,0.809160305343511,0.83,0.0653197890565818
-0.20835,0.807633587786259,0.83,0.0659048365479867
-0.2086,0.807633587786259,0.835,0.0642298365479868
-0.209,0.806106870229008,0.835,0.0648195457723909
-0.20945,0.806106870229008,0.84,0.0631945457723909
-0.2103,0.804580152671756,0.84,0.0637889167297943
-0.211,0.803053435114504,0.84,0.064387949420197
-0.21115,0.801526717557252,0.84,0.0649916438435989
-0.21215,0.8,0.845,0.064025
-0.2137,0.798473282442748,0.845,0.0646380178894004
-0.21455,0.796946564885496,0.845,0.0652556975118
-0.2149,0.795419847328244,0.845,0.0658780388671989
-0.2153,0.793893129770992,0.845,0.066505041955597
-0.21585,0.79236641221374,0.845,0.0671367067769943
-0.21635,0.790839694656489,0.845,0.067773033331391
-0.21665,0.789312977099237,0.845,0.0684140216187868
-0.21755,0.789312977099237,0.85,0.0668890216187868
-0.21875,0.787786259541985,0.85,0.0675346716391819
-0.22,0.786259541984733,0.85,0.0681849833925762
-0.22115,0.784732824427481,0.85,0.0688399568789698
-0.2216,0.783206106870229,0.85,0.0694995920983626
-0.2221,0.781679389312977,0.85,0.0701638890507546
-0.2225,0.780152671755725,0.85,0.0708328477361459
-0.2231,0.778625954198473,0.85,0.0715064681545365
-0.22405,0.778625954198473,0.855,0.0700314681545365
-0.22465,0.77557251908397,0.855,0.0713926941903152
-0.2253,0.774045801526718,0.855,0.0720802998077035
-0.22595,0.772519083969466,0.855,0.072772567158091
-0.22615,0.770992366412214,0.855,0.0734694962414778
-0.2263,0.770992366412214,0.86,0.0720444962414778
-0.22725,0.769465648854962,0.86,0.0727460870578638
-0.22815,0.76793893129771,0.86,0.073452339607249
-0.22905,0.766412213740458,0.86,0.0741632538896335
-0.2303,0.764885496183206,0.86,0.0748788299050172
-0.23125,0.763358778625954,0.86,0.0755990676534001
-0.23235,0.761832061068702,0.86,0.0763239671347824
-0.23325,0.761832061068702,0.865,0.0749489671347824
-0.23365,0.76030534351145,0.865,0.0756785283491638
-0.2344,0.758778625954198,0.865,0.0764127512965445
-0.23515,0.757251908396947,0.865,0.0771516359769244
-0.2354,0.755725190839695,0.865,0.0778951823903036
-0.23605,0.754198473282443,0.865,0.078643390536682
-0.23655,0.752671755725191,0.865,0.0793962604160597
-0.2367,0.751145038167939,0.865,0.0801537920284365
-0.2369,0.749618320610687,0.865,0.0809159853738127
-0.238,0.748091603053435,0.865,0.0816828404521881
-0.23955,0.746564885496183,0.865,0.0824543572635628
-0.2404,0.745038167938931,0.865,0.0832305358079366
-0.2411,0.743511450381679,0.865,0.0840113760853097
-0.2419,0.741984732824427,0.865,0.0847968780956821
-0.24275,0.741984732824427,0.87,0.0834718780956821
-0.24345,0.740458015267176,0.875,0.0829870418390537
-0.24375,0.738931297709924,0.875,0.0837818673154245
-0.2439,0.737404580152672,0.875,0.0845813545247946
-0.24475,0.73587786259542,0.875,0.0853855034671639
-0.24605,0.73587786259542,0.88,0.0841605034671639
-0.24675,0.734351145038168,0.88,0.0849693141425325
-0.2471,0.734351145038168,0.885,0.0837943141425325
-0.24735,0.734351145038168,0.89,0.0826693141425325
-0.24745,0.732824427480916,0.89,0.0834827865509003
-0.2477,0.731297709923664,0.89,0.0843009206922673
-0.24805,0.729770992366412,0.89,0.0851237165666337
-0.24955,0.72824427480916,0.89,0.0859511741739992
-0.2518,0.726717557251908,0.89,0.086783293514364
-0.2532,0.725190839694656,0.89,0.087620074587728
-0.2538,0.723664122137405,0.89,0.0884615173940912
-0.2541,0.722137404580153,0.89,0.0893076219334538
-0.25465,0.720610687022901,0.89,0.0901583882058155
-0.25535,0.720610687022901,0.895,0.0890833882058155
-0.2558,0.719083969465649,0.895,0.0899388162111765
-0.25625,0.717557251908397,0.895,0.0907989059495368
-0.25725,0.716030534351145,0.895,0.0916636574208962
-0.25845,0.716030534351145,0.9,0.0906386574208962
-0.25925,0.714503816793893,0.9,0.091508070625255
-0.2596,0.712977099236641,0.9,0.0923821455626129
-0.26005,0.711450381679389,0.9,0.0932608822329701
-0.2611,0.709923664122137,0.9,0.0941442806363266
-0.26215,0.708396946564885,0.9,0.0950323407726822
-0.26275,0.706870229007634,0.9,0.0959250626420372
-0.26315,0.705343511450382,0.9,0.0968224462443914
-0.2643,0.70381679389313,0.9,0.0977244915797447
-0.2661,0.700763358778626,0.9,0.0995425674494493
-0.2671,0.699236641221374,0.9,0.1004585979838
-0.26755,0.697709923664122,0.9,0.101379290251151
-0.269,0.694656488549618,0.9,0.103234659984849
-0.2703,0.693129770992366,0.9,0.104169337451197
-0.2708,0.691603053435115,0.9,0.105108676650545
-0.27135,0.690076335877863,0.9,0.106052677582891
-0.27225,0.688549618320611,0.9,0.107001340248237
-0.27345,0.687022900763359,0.9,0.107954664646582
-0.2744,0.685496183206107,0.9,0.108912650777927
-0.275,0.683969465648855,0.9,0.10987529864227
-0.2757,0.682442748091603,0.9,0.110842608239613
-0.27645,0.680916030534351,0.9,0.111814579569955
-0.27695,0.679389312977099,0.9,0.112791212633296
-0.2775,0.677862595419847,0.9,0.113772507429637
-0.27785,0.676335877862595,0.9,0.114758463958977
-0.2782,0.674809160305344,0.9,0.115749082221316
-0.2788,0.674809160305344,0.905,0.114774082221316
-0.27975,0.673282442748092,0.905,0.115769362216654
-0.28035,0.670229007633588,0.905,0.117773907406328
-0.28055,0.668702290076336,0.905,0.118783172600664
-0.2813,0.667175572519084,0.905,0.119797099528
-0.28305,0.665648854961832,0.905,0.120815688188334
-0.2844,0.66412213740458,0.905,0.121838938581668
-0.2847,0.66412213740458,0.91,0.120913938581668
-0.28495,0.662595419847328,0.91,0.121941850708001
-0.2856,0.661068702290076,0.91,0.122974424567333
-0.28635,0.661068702290076,0.915,0.122099424567333
-0.28685,0.658015267175573,0.915,0.124178557484995
-0.28735,0.656488549618321,0.915,0.125225116543325
-0.28795,0.654961832061069,0.915,0.126276337334654
-0.28835,0.653435114503817,0.915,0.127332219858983
-0.28845,0.651908396946565,0.915,0.12839276411631
-0.2887,0.650381679389313,0.915,0.129457970106637
-0.28895,0.648854961832061,0.915,0.130527837829963
-0.28945,0.647328244274809,0.915,0.131602367286289
-0.29015,0.647328244274809,0.92,0.130777367286289
-0.2905,0.647328244274809,0.925,0.130002367286289
-0.29135,0.645801526717557,0.925,0.131081558475613
-0.29225,0.642748091603053,0.925,0.13325392605326
-0.29245,0.641221374045801,0.925,0.134347102441583
-0.29265,0.63969465648855,0.93,0.134719940562904
-0.29315,0.638167938931298,0.93,0.135822440417225
-0.29355,0.636641221374046,0.93,0.136929602004545
-0.2944,0.635114503816794,0.93,0.138041425324864
-0.29525,0.633587786259542,0.93,0.139157910378183
-0.29555,0.630534351145038,0.93,0.141404865683818
-0.29585,0.629007633587786,0.93,0.142535335936134
-0.29625,0.627480916030534,0.935,0.14299546792145
-0.29675,0.625954198473282,0.935,0.144135261639765
-0.2973,0.625954198473282,0.94,0.143510261639765
-0.29785,0.624427480916031,0.94,0.144654717091079
-0.29805,0.622900763358779,0.94,0.145803834275392
-0.2984,0.621374045801527,0.94,0.146957613192704
-0.2988,0.619847328244275,0.94,0.148116053843016
-0.2995,0.618320610687023,0.94,0.149279156226327
-0.30035,0.616793893129771,0.94,0.150446920342637
-0.301,0.615267175572519,0.94,0.151619346191947
-0.30155,0.613740458015267,0.94,0.152796433774256
-0.30215,0.612213740458015,0.94,0.153978183089564
-0.30275,0.610687022900763,0.94,0.155164594137871
-0.30365,0.609160305343511,0.94,0.156355666919177
-0.30455,0.60763358778626,0.94,0.157551401433483
-0.30485,0.606106870229008,0.94,0.158751797680788
-0.3051,0.604580152671756,0.94,0.159956855661092
-0.30545,0.603053435114504,0.94,0.161166575374395
-0.30605,0.601526717557252,0.94,0.162380956820698
-0.3071,0.6,0.94,0.1636
-0.3079,0.598473282442748,0.94,0.164823704912301
-0.30865,0.596946564885496,0.94,0.166052071557602
-0.30935,0.595419847328244,0.94,0.167285099935901
-0.30945,0.593893129770992,0.94,0.1685227900472
-0.30965,0.59236641221374,0.94,0.169765141891498
-0.30985,0.590839694656489,0.94,0.171012155468796
-0.3103,0.587786259541985,0.94,0.173520167822388
-0.311,0.586259541984733,0.94,0.174781166598683
-0.31145,0.584732824427481,0.94,0.176046827107977
-0.3117,0.583206106870229,0.94,0.177317149350271
-0.31205,0.581679389312977,0.94,0.178592133325564
-0.3126,0.580152671755725,0.94,0.179871779033856
-0.31295,0.578625954198473,0.94,0.181156086475147
-0.3131,0.578625954198473,0.945,0.180581086475147
-0.3134,0.577099236641221,0.945,0.181870055649438
-0.3137,0.574045801526718,0.945,0.184461979197016
-0.3145,0.572519083969466,0.945,0.185764933570305
-0.31525,0.570992366412214,0.945,0.187072549676592
-0.3154,0.570992366412214,0.95,0.186547549676592
-0.31585,0.569465648854962,0.95,0.187859827515879
-0.31675,0.569465648854962,0.955,0.187384827515879
-0.31745,0.56793893129771,0.955,0.188701767088165
-0.31785,0.566412213740458,0.955,0.19002336839345
-0.3182,0.564885496183206,0.955,0.191349631431735
-0.3185,0.561832061068702,0.955,0.194016142707301
-0.319,0.558778625954198,0.955,0.196701300914865
-0.31945,0.557251908396947,0.955,0.198050872618146
-0.32,0.555725190839695,0.955,0.199405106054426
-0.32055,0.554198473282443,0.955,0.200764001223705
-0.32075,0.552671755725191,0.955,0.202127558125983
-0.3209,0.551145038167939,0.955,0.203495776761261
-0.3211,0.549618320610687,0.955,0.204868657129538
-0.32125,0.548091603053435,0.955,0.206246199230814
-0.3214,0.546564885496183,0.955,0.207628403065089
-0.3218,0.545038167938931,0.955,0.209015268632364
-0.3228,0.540458015267176,0.955,0.213203835732183
-0.3239,0.538931297709924,0.955,0.214609348231455
-0.32435,0.537404580152672,0.955,0.216019522463726
-0.32455,0.53587786259542,0.955,0.217434358428996
-0.3249,0.534351145038168,0.955,0.218853856127265
-0.32525,0.532824427480916,0.955,0.220278015558534
-0.32555,0.531297709923664,0.955,0.221706836722802
-0.326,0.529770992366412,0.955,0.223140319620069
-0.3266,0.52824427480916,0.955,0.224578464250335
-0.327,0.526717557251908,0.955,0.226021270613601
-0.3272,0.525190839694657,0.955,0.227468738709865
-0.32735,0.523664122137405,0.955,0.228920868539129
-0.32745,0.522137404580153,0.955,0.230377660101393
-0.3277,0.520610687022901,0.955,0.231839113396655
-0.32825,0.517557251908397,0.955,0.234776005186178
-0.3287,0.516030534351145,0.955,0.236251443680438
-0.32925,0.514503816793893,0.955,0.237731543907698
-0.32985,0.512977099236641,0.955,0.239216305867956
-0.3301,0.511450381679389,0.955,0.240705729561214
-0.3309,0.509923664122137,0.955,0.242199814987472
-0.3318,0.508396946564886,0.955,0.243698562146728
-0.33225,0.506870229007634,0.955,0.245201971038984
-0.3326,0.505343511450382,0.955,0.246710041664239
-0.3329,0.50381679389313,0.955,0.248222774022493
-0.33325,0.502290076335878,0.955,0.249740168113746
-0.3335,0.500763358778626,0.955,0.251262223937999
-0.33385,0.499236641221374,0.955,0.252788941495251
-0.33425,0.497709923664122,0.955,0.254320320785502
-0.33455,0.49618320610687,0.955,0.255856361808752
-0.33555,0.494656488549618,0.955,0.257397064565002
-0.3373,0.493129770992366,0.955,0.258942429054251
-0.33835,0.491603053435115,0.955,0.260492455276499
-0.33855,0.490076335877863,0.955,0.262047143231746
-0.3387,0.488549618320611,0.955,0.263606492919993
-0.33885,0.487022900763359,0.955,0.265170504341239
-0.33905,0.485496183206107,0.955,0.266739177495484
-0.33935,0.482442748091603,0.955,0.269890509002972
-0.33955,0.480916030534351,0.955,0.271473167356215
-0.3397,0.476335877862595,0.955,0.276249112813939
-0.33985,0.474809160305344,0.955,0.277850418099178
-0.3403,0.473282442748092,0.955,0.279456385117417
-0.34075,0.47175572519084,0.955,0.281067013868656
-0.34165,0.468702290076336,0.955,0.28430225657013
-0.34255,0.467175572519084,0.955,0.285926870520366
-0.34265,0.465648854961832,0.955,0.287556146203601
-0.34275,0.461068702290076,0.955,0.292471943651302
-0.34305,0.458015267175573,0.955,0.295772450614766
-0.3435,0.456488549618321,0.955,0.297429696695997
-0.34375,0.454961832061069,0.955,0.299091604510227
-0.34415,0.453435114503817,0.955,0.300758174057456
-0.34465,0.451908396946565,0.955,0.302429405337684
-0.345,0.445801526717557,0.955,0.30916094778859
-0.3455,0.444274809160305,0.955,0.310855487733815
-0.346,0.442748091603053,0.955,0.312554689412039
-0.3469,0.442748091603053,0.96,0.312129689412039
-0.34775,0.441221374045802,0.96,0.313833552823262
-0.34795,0.43969465648855,0.96,0.315542077967484
-0.3481,0.436641221374046,0.96,0.318973113454927
-0.3484,0.433587786259542,0.96,0.322422795874366
-0.3491,0.43206106870229,0.96,0.324154629683585
-0.35005,0.429007633587786,0.96,0.32763228250102
-0.35085,0.427480916030534,0.96,0.329378101509236
-0.3514,0.425954198473282,0.96,0.331128582250452
-0.35185,0.424427480916031,0.96,0.332883724724666
-0.35215,0.422900763358779,0.96,0.33464352893188
-0.35255,0.421374045801527,0.96,0.336407994872094
-0.35295,0.419847328244275,0.96,0.338177122545306
-0.35305,0.418320610687023,0.96,0.339950911951518
-0.3535,0.416793893129771,0.96,0.341729363090729
-0.3541,0.415267175572519,0.96,0.343512475962939
-0.3545,0.413740458015267,0.96,0.345300250568149
-0.355,0.412213740458015,0.96,0.347092686906357
-0.35545,0.410687022900763,0.96,0.348889784977565
-0.35565,0.409160305343511,0.96,0.350691544781773
-0.3559,0.40763358778626,0.96,0.352497966318979
-0.35665,0.406106870229008,0.96,0.354309049589185
-0.35725,0.404580152671756,0.96,0.35612479459239
-0.35805,0.403053435114504,0.96,0.357945201328594
-0.3589,0.401526717557252,0.96,0.359770269797797
-0.35925,0.4,0.96,0.3616
-0.3597,0.398473282442748,0.96,0.363434391935202
-0.36015,0.396946564885496,0.96,0.365273445603403
-0.36055,0.395419847328244,0.965,0.366742161004604
-0.36155,0.393893129770992,0.965,0.368590538138803
-0.36275,0.39236641221374,0.965,0.370443577006002
-0.3632,0.390839694656489,0.965,0.3723012776062
-0.36415,0.389312977099237,0.965,0.374163639939397
-0.3658,0.387786259541985,0.965,0.376030664005594
-0.36675,0.386259541984733,0.965,0.37790234980479
-0.3671,0.384732824427481,0.965,0.379778697336985
-0.3674,0.383206106870229,0.965,0.381659706602179
-0.3677,0.381679389312977,0.965,0.383545377600373
-0.36795,0.378625954198473,0.965,0.387330704795758
-0.36805,0.375572519083969,0.965,0.39113467892314
-0.36825,0.374045801526718,0.965,0.393043658586329
-0.3687,0.372519083969466,0.97,0.394632299982519
-0.3692,0.370992366412214,0.97,0.396550603111707
-0.3699,0.369465648854962,0.97,0.398473567973894
-0.3708,0.36793893129771,0.97,0.400401194569081
-0.37125,0.366412213740458,0.97,0.402333482897267
-0.3714,0.364885496183206,0.97,0.404270432958452
-0.37155,0.364885496183206,0.975,0.403995432958452
-0.3718,0.363358778625954,0.975,0.405937044752637
-0.37205,0.361832061068702,0.975,0.407883318279821
-0.3724,0.36030534351145,0.975,0.409834253540003
-0.37275,0.358778625954198,0.975,0.411789850533186
-0.3729,0.357251908396947,0.975,0.413750109259367
-0.37315,0.357251908396947,0.98,0.413525109259367
-0.3736,0.355725190839695,0.98,0.415490029718548
-0.37395,0.354198473282443,0.98,0.417459611910728
-0.37405,0.352671755725191,0.98,0.419433855835907
-0.37425,0.351145038167939,0.98,0.421412761494086
-0.37445,0.346564885496183,0.98,0.427377448866616
-0.3753,0.341984732824427,0.98,0.43338409183614
-0.3762,0.340458015267176,0.98,0.435395629625313
-0.3764,0.338931297709924,0.98,0.437411829147486
-0.3766,0.337404580152672,0.985,0.439257690402657
-0.3769,0.33587786259542,0.985,0.441283213390828
-0.37715,0.334351145038168,0.985,0.443313398111998
-0.3773,0.332824427480916,0.985,0.445348244566168
-0.37745,0.331297709923664,0.985,0.447387752753336
-0.3777,0.331297709923664,0.99,0.447262752753336
-0.37795,0.329770992366412,0.99,0.449306922673504
-0.3781,0.32824427480916,0.99,0.451355754326671
-0.37835,0.326717557251908,0.99,0.453409247712837
-0.37855,0.325190839694657,0.99,0.455467402832003
-0.37885,0.323664122137405,0.99,0.457530219684168
-0.37925,0.322137404580153,0.99,0.459597698269332
-0.3796,0.320610687022901,0.99,0.461669838587495
-0.37995,0.319083969465649,0.99,0.463746640638657
-0.38015,0.317557251908397,0.99,0.465828104422819
-0.38025,0.316030534351145,0.99,0.46791422993998
-0.38045,0.314503816793893,0.99,0.47000501719014
-0.3807,0.312977099236641,0.99,0.4721004661733
-0.38115,0.311450381679389,0.99,0.474200576889459
-0.38165,0.309923664122137,0.99,0.476305349338617
-0.38225,0.308396946564885,0.99,0.478414783520774
-0.3835,0.305343511450382,0.99,0.482647637084086
-0.38435,0.30381679389313,0.99,0.484771056465241
-0.38445,0.302290076335878,0.99,0.486899137579395
-0.38455,0.300763358778626,0.99,0.489031880426548
-0.38475,0.297709923664122,0.99,0.493311351319853
-0.3851,0.29618320610687,0.99,0.495458079366004
-0.3855,0.294656488549618,0.99,0.497609469145155
-0.38575,0.293129770992366,0.99,0.499765520657304
-0.38585,0.291603053435115,0.99,0.501926233902453
-0.38605,0.290076335877863,0.99,0.504091608880601
-0.3863,0.288549618320611,0.99,0.506261645591749
-0.3867,0.287022900763359,0.99,0.508436344035895
-0.38705,0.285496183206107,0.99,0.510615704213041
-0.38735,0.283969465648855,0.99,0.512799726123186
-0.3877,0.280916030534351,0.99,0.517181755142474
-0.3882,0.279389312977099,0.99,0.519379762251617
-0.38955,0.277862595419847,0.99,0.521582431093759
-0.3909,0.276335877862595,0.99,0.5237897616689
-0.39195,0.274809160305344,0.99,0.526001753977041
-0.39275,0.273282442748092,0.99,0.528218408018181
-0.39295,0.27175572519084,0.99,0.53043972379232
-0.3932,0.270229007633588,0.99,0.532665701299458
-0.39355,0.268702290076336,0.99,0.534896340539596
-0.39375,0.267175572519084,0.99,0.537131641512732
-0.39395,0.265648854961832,0.99,0.539371604218868
-0.3947,0.262595419847328,0.99,0.543865514830138
-0.39625,0.261068702290076,0.99,0.546119462735272
-0.39745,0.259541984732824,0.99,0.548378072373405
-0.39795,0.258015267175572,0.99,0.550641343744537
-0.39825,0.256488549618321,0.99,0.552909276848668
-0.3986,0.254961832061069,0.99,0.555181871685799
-0.3997,0.254961832061069,0.995,0.555106871685799
-0.4008,0.253435114503817,0.995,0.557384128255929
-0.40135,0.251908396946565,0.995,0.559666046559058
-0.40175,0.250381679389313,0.995,0.561952626595187
-0.40225,0.248854961832061,0.995,0.564243868364315
-0.40275,0.247328244274809,0.995,0.566539771866441
-0.40305,0.245801526717557,0.995,0.568840337101568
-0.40345,0.244274809160305,0.995,0.571145564069693
-0.4039,0.242748091603053,0.995,0.573455452770818
-0.4045,0.241221374045802,0.995,0.575770003204941
-0.40525,0.23969465648855,0.995,0.578089215372065
-0.4058,0.238167938931298,0.995,0.580413089272187
-0.4062,0.236641221374046,0.995,0.582741624905308
-0.4065,0.235114503816794,0.995,0.585074822271429
-0.40685,0.230534351145038,0.995,0.592102384767787
-0.40715,0.229007633587786,0.995,0.594454229065905
-0.40735,0.227480916030534,0.995,0.596810735097022
-0.4076,0.225954198473282,0.995,0.599171902861139
-0.4081,0.224427480916031,0.995,0.601537732358254
-0.4092,0.222900763358779,0.995,0.603908223588369
-0.41,0.221374045801527,0.995,0.606283376551483
-0.41015,0.219847328244275,0.995,0.608663191247596
-0.41115,0.218320610687023,0.995,0.611047667676709
-0.41275,0.218320610687023,1,0.611022667676709
-0.41405,0.216793893129771,1,0.61341180583882
-0.4148,0.215267175572519,1,0.615805605733932
-0.41515,0.213740458015267,1,0.618204067362042
-0.41565,0.210687022900763,1,0.62301497581726
-0.41605,0.209160305343511,1,0.625427422644368
-0.41655,0.20763358778626,1,0.627844531204475
-0.417,0.206106870229008,1,0.630266301497582
-0.41725,0.204580152671756,1,0.632692733523687
-0.41755,0.203053435114504,1,0.635123827282792
-0.41795,0.201526717557252,1,0.637559582774897
-0.41825,0.2,1,0.64
-0.41845,0.198473282442748,1,0.642445078958103
-0.4194,0.196946564885496,1,0.644894819649204
-0.42055,0.195419847328244,1,0.647349222073306
-0.42115,0.193893129770992,1,0.649808286230406
-0.42175,0.19236641221374,1,0.652272012120506
-0.42225,0.190839694656489,1,0.654740399743605
-0.42245,0.189312977099237,1,0.657213449099703
-0.42255,0.187786259541985,1,0.6596911601888
-0.4228,0.186259541984733,1,0.662173533010897
-0.42315,0.184732824427481,1,0.664660567565993
-0.4235,0.183206106870229,1,0.667152263854088
-0.42455,0.181679389312977,1,0.669648621875182
-0.42555,0.180152671755725,1,0.672149641629276
-0.42605,0.177099236641221,1,0.677165666336461
-0.4266,0.175572519083969,1,0.679680671289552
-0.42695,0.174045801526718,1,0.682200337975642
-0.42725,0.172519083969466,1,0.684724666394732
-0.4275,0.170992366412214,1,0.687253656546821
-0.42795,0.16793893129771,1,0.692325622049997
-0.42895,0.166412213740458,1,0.694868597401084
-0.4309,0.164885496183206,1,0.69741623448517
-0.43235,0.161832061068702,1,0.70252549385234
-0.43305,0.16030534351145,1,0.705087116135423
-0.4337,0.158778625954198,1,0.707653400151506
-0.4339,0.157251908396947,1,0.710224345900588
-0.43465,0.155725190839695,1,0.71279995338267
-0.43545,0.154198473282443,1,0.715380222597751
-0.43595,0.152671755725191,1,0.717965153545831
-0.43635,0.149618320610687,1,0.723149000640988
-0.43695,0.148091603053435,1,0.725747916788066
-0.4377,0.145038167938931,1,0.730959734281219
-0.4381,0.143511450381679,1,0.733572635627294
-0.43835,0.141984732824427,1,0.736190198706369
-0.439,0.140458015267176,1,0.738812423518443
-0.4398,0.137404580152672,1,0.744070858341588
-0.44005,0.13587786259542,1,0.74670706835266
-0.4402,0.134351145038168,1,0.749347940096731
-0.44035,0.132824427480916,1,0.751993473573801
-0.4406,0.131297709923664,1,0.75464366878387
-0.44095,0.129770992366412,1,0.757298525726939
-0.44125,0.12824427480916,1,0.759958044403007
-0.44145,0.125190839694656,1,0.76529106695414
-0.442,0.123664122137405,1,0.767964570829206
-0.44275,0.122137404580153,1,0.770642736437271
-0.4433,0.120610687022901,1,0.773325563778335
-0.44365,0.119083969465649,1,0.776013052852398
-0.4443,0.117557251908397,1,0.77870520365946
-0.445,0.116030534351145,1,0.781402016199522
-0.4452,0.114503816793893,1,0.784103490472583
-0.44595,0.112977099236641,1,0.786809626478643
-0.4469,0.111450381679389,1,0.789520424217703
-0.4474,0.109923664122137,1,0.792235883689762
-0.44785,0.108396946564885,1,0.79495600489482
-0.44815,0.106870229007634,1,0.797680787832877
-0.44875,0.105343511450382,1,0.800410232503933
-0.44935,0.10381679389313,1,0.803144338907989
-0.4508,0.100763358778626,1,0.808626536915098
-0.45225,0.099236641221374,1,0.811374628518152
-0.45405,0.0977099236641221,1,0.814127381854204
-0.45585,0.0961832061068702,1,0.816884796923256
-0.45595,0.0946564885496183,1,0.819646873725307
-0.45715,0.0931297709923664,1,0.822413612260358
-0.4586,0.0916030534351145,1,0.825185012528407
-0.4596,0.0900763358778626,1,0.827961074529456
-0.4605,0.0885496183206107,1,0.830741798263504
-0.46095,0.0870229007633588,1,0.833527183730552
-0.46185,0.0854961832061069,1,0.836317230930599
-0.46255,0.083969465648855,1,0.839111939863644
-0.463,0.0824427480916031,1,0.841911310529689
-0.46365,0.0809160305343511,1,0.844715342928734
-0.464,0.0793893129770992,1,0.847524037060777
-0.46495,0.0778625954198473,1,0.85033739292582
-0.466,0.0748091603053435,1,0.855978089854903
-0.4664,0.0732824427480916,1,0.858805430918944
-0.46755,0.0717557251908397,1,0.861637433715984
-0.46925,0.0702290076335878,1,0.864474098246023
-0.4702,0.0687022900763359,1,0.867315424509061
-0.47085,0.067175572519084,1,0.870161412505099
-0.47185,0.0656488549618321,1,0.873012062234136
-0.473,0.0641221374045802,1,0.875867373696172
-0.47375,0.0625954198473282,1,0.878727346891207
-0.47455,0.0610687022900763,1,0.881591981819241
-0.47565,0.0595419847328244,1,0.884461278480275
-0.4763,0.0580152671755725,1,0.887335236874308
-0.4766,0.0564885496183206,1,0.89021385700134
-0.4773,0.0534351145038168,1,0.895985082454402
-0.47845,0.0519083969465649,1,0.898877687780432
-0.47915,0.050381679389313,1,0.901774954839462
-0.4799,0.0488549618320611,1,0.90467688363149
-0.48155,0.0473282442748092,1,0.907583474156518
-0.48275,0.0458015267175573,1,0.910494726414545
-0.4839,0.0442748091603053,1,0.913410640405571
-0.48515,0.0427480916030534,1,0.916331216129596
-0.48585,0.0412213740458015,1,0.919256453586621
-0.48805,0.0396946564885496,1,0.922186352776645
-0.4901,0.0381679389312977,1,0.925120913699668
-0.4912,0.0366412213740458,1,0.92806013635569
-0.49285,0.0351145038167939,1,0.931004020744712
-0.49415,0.033587786259542,1,0.933952566866733
-0.4949,0.0320610687022901,1,0.936905774721753
-0.49605,0.0305343511450382,1,0.939863644309772
-0.49775,0.0290076335877863,1,0.942826175630791
-0.49965,0.0274809160305344,1,0.945793368684809
-0.50085,0.0259541984732824,1,0.948765223471826
-0.50445,0.0244274809160305,1,0.951741739991842
-0.5084,0.0229007633587786,1,0.954722918244857
-0.50955,0.0213740458015267,1,0.957708758230872
-0.5108,0.0198473282442748,1,0.960699259949886
-0.51825,0.0183206106870229,1,0.9636944234019
-0.5254,0.016793893129771,1,0.966694248586912
-0.5286,0.0152671755725191,1,0.969698735504924
-0.5328,0.0137404580152672,1,0.972707884155935
-0.53675,0.0122137404580153,1,0.975721694539945
-0.54195,0.00916030534351145,1,0.981763300506963
-0.54575,0.00763358778625954,1,0.984791096089971
-0.54835,0.00610687022900763,1,0.987823553405979
-0.55005,0.00458015267175573,1,0.990860672454985
-0.551,0.00305343511450382,1,0.993902453236991
-0.5518,0.00152671755725191,1,0.996948895751996
-Inf,0,1,1
