"Protein","Mutation","GEMME_Score","ClinVar_Interpretation","ClinVar_Conversion","ClinVar_Review_Status"
"BRAF","T241K",-6.32044967798541,"Pathogenic",1,"3"
"BRAF","T244P",-6.39130812312753,"Pathogenic",1,"3"
"BRAF","A246P",-4.72257020596564,"Pathogenic",1,"3"
"BRAF","Q257R",-6.46704487358362,"Pathogenic",1,"3"
"BRAF","S323L",-0.692223681772216,"Benign",0,"3"
"BRAF","I326V",-0.0009516596679788,"Benign",0,"3"
"BRAF","R384G",-1.3739913955584,"Benign",0,"3"
"BRAF","G464E",-7.81302927223584,"Pathogenic",1,"3"
"BRAF","G469E",-7.81302927223584,"Pathogenic",1,"3"
"BRAF","N581D",-0.0486465663147766,"Pathogenic",1,"3"
"BRAF","D594V",-6.43034262908149,"Pathogenic",1,"3"
"BRAF","G596V",-6.43034262908149,"Pathogenic",1,"3"
"BRAF","T599I",-5.98312913229156,"Pathogenic",1,"3"
"BRAF","T599R",-6.43045859673772,"Pathogenic",1,"3"
"BRAF","V600G",-5.30386855471427,"Pathogenic",1,"3"
"BRCA1","M18T",-3.76601050852191,"Pathogenic",1,"3"
"BRCA1","L22S",-3.76747855216651,"Pathogenic",1,"3"
"BRCA1","T37K",-4.286831138416,"Pathogenic",1,"3"
"BRCA1","C39R",-4.28804802884158,"Pathogenic",1,"3"
"BRCA1","H41R",-4.28845239369354,"Pathogenic",1,"3"
"BRCA1","C44F",-3.74783026727014,"Pathogenic",1,"3"
"BRCA1","C44Y",-1.82741842992006,"Pathogenic",1,"3"
"BRCA1","K45Q",-2.94471526740437,"Benign",0,"3"
"BRCA1","C47Y",-4.14028200797516,"Pathogenic",1,"3"
"BRCA1","C61G",-3.99394204809276,"Pathogenic",1,"3"
"BRCA1","C64Y",-3.49241793804845,"Pathogenic",1,"3"
"BRCA1","D67Y",-2.8103480670792,"Benign",0,"3"
"BRCA1","R71G",-4.19992910018827,"Pathogenic",1,"3"
"BRCA1","A102G",-3.72992643379892,"Benign",0,"3"
"BRCA1","M1652T",-1.99998844687536,"Benign",0,"3"
"BRCA1","F1662S",-0.46613424246802,"Benign",0,"3"
"BRCA1","L1664P",-0.727657363157492,"Benign",0,"3"
"BRCA1","T1675I",-0.865960948629368,"Benign",0,"3"
"BRCA1","E1682K",-1.39301938751831,"Benign",0,"3"
"BRCA1","T1685A",-2.03446274854943,"Pathogenic",1,"3"
"BRCA1","T1685I",-3.29939897080767,"Pathogenic",1,"3"
"BRCA1","D1692H",-3.14172554846328,"Pathogenic",1,"3"
"BRCA1","C1697R",-3.14172554846328,"Pathogenic",1,"3"
"BRCA1","R1699Q",-3.14172554846328,"Pathogenic",1,"3"
"BRCA1","R1699W",-3.14172554846328,"Pathogenic",1,"3"
"BRCA1","G1706A",-3.14172554846328,"Benign",0,"3"
"BRCA1","G1706E",-3.14172554846328,"Pathogenic",1,"3"
"BRCA1","A1708E",-3.14172554846328,"Pathogenic",1,"3"
"BRCA1","S1715N",-3.14172554846328,"Pathogenic",1,"3"
"BRCA1","T1720A",-1.62571775849051,"Benign",0,"3"
"BRCA1","D1733G",-2.62532989022767,"Benign",0,"3"
"BRCA1","V1736A",-3.13674938323218,"Pathogenic",1,"3"
"BRCA1","R1751Q",-3.1355825582753,"Benign",0,"3"
"BRCA1","L1764P",-2.77650243187827,"Pathogenic",1,"3"
"BRCA1","I1766S",-2.10190603543209,"Pathogenic",1,"3"
"BRCA1","G1770V",-3.07047336566203,"Pathogenic",1,"3"
"BRCA1","M1775K",-3.13124272289476,"Pathogenic",1,"3"
"BRCA1","M1775R",-3.13124272289476,"Pathogenic",1,"3"
"BRCA1","G1788V",-2.87305032250231,"Pathogenic",1,"3"
"BRCA1","V1804D",-0.65036376329654,"Benign",0,"3"
"BRCA1","W1837G",-2.06403464480815,"Pathogenic",1,"3"
"BRCA1","V1838E",-1.69351714747886,"Pathogenic",1,"3"
"BRCA1","L1839S",-2.06403464480815,"Pathogenic",1,"3"
"BRCA1","L1844R",-1.68552537907369,"Benign",0,"3"
"BRCA1","I1858L",-0.120352268613621,"Benign",0,"3"
"BRCA1","P1859R",-0.505124375888104,"Benign",0,"3"
"DICER1","S295C",-0.117141014738043,"Benign",0,"3"
"DICER1","P375R",-5.34792856505121,"Benign",0,"3"
"DICER1","D609Y",-1.23577975375418,"Benign",0,"3"
"DICER1","A872T",-3.28990626831826,"Benign",0,"3"
"DICER1","E1705K",-3.24420018521407,"Pathogenic",1,"3"
"DICER1","D1709N",-1.99550408303718,"Pathogenic",1,"3"
"DICER1","S1814L",-2.54455660417052,"Pathogenic",1,"3"
"HRAS","G12S",-0.490333395635628,"Pathogenic",1,"3"
"HRAS","G13C",-1.99667930752248,"Pathogenic",1,"3"
"HRAS","T58I",-3.81812378946398,"Pathogenic",1,"3"
"HRAS","N86T",-0.201017548396745,"Benign",0,"3"
"HRAS","K117R",-0.925554156243619,"Pathogenic",1,"3"
"KRAS","V14I",-3.27635909883217,"Pathogenic",1,"3"
"KRAS","Q22R",-1.49078788164416,"Pathogenic",1,"3"
"KRAS","P34L",-4.43132261625227,"Pathogenic",1,"3"
"KRAS","T58I",-4.1262356877236,"Pathogenic",1,"3"
"KRAS","G60R",-5.01432225126925,"Pathogenic",1,"3"
"MECP2","L100V",-3.46425265518615,"Pathogenic",1,"3"
"MECP2","P101R",-5.75000221493534,"Pathogenic",1,"3"
"MECP2","P101S",-5.75000221493534,"Pathogenic",1,"3"
"MECP2","V122M",-3.47820266587817,"Pathogenic",1,"3"
"MECP2","P127L",-5.65453572936855,"Pathogenic",1,"3"
"MECP2","R133C",-6.45771083223574,"Pathogenic",1,"3"
"MECP2","R133H",-6.45771083223574,"Pathogenic",1,"3"
"MECP2","R133L",-6.45771083223574,"Pathogenic",1,"3"
"MECP2","S134F",-6.45771083223574,"Pathogenic",1,"3"
"MECP2","K135E",-6.45771083223574,"Pathogenic",1,"3"
"MECP2","P152R",-6.45771083223574,"Pathogenic",1,"3"
"MECP2","D156G",-6.45771083223574,"Pathogenic",1,"3"
"MECP2","T158A",-3.87500297000687,"Pathogenic",1,"3"
"MLH1","M1K",-0.632665046988641,"Pathogenic",1,"3"
"MLH1","M1R",-0.632665046988641,"Pathogenic",1,"3"
"MLH1","M1T",-0.632665046988641,"Pathogenic",1,"3"
"MLH1","M1V",-0.424958783229011,"Pathogenic",1,"3"
"MLH1","I19F",-7.00651578352137,"Pathogenic",1,"3"
"MLH1","A21E",-7.00704628775994,"Pathogenic",1,"3"
"MLH1","A21V",-7.00704628775994,"Pathogenic",1,"3"
"MLH1","G22A",-4.07412563088682,"Benign",0,"3"
"MLH1","P28L",-7.00558547572414,"Pathogenic",1,"3"
"MLH1","A29G",-1.4390166260198,"Pathogenic",1,"3"
"MLH1","M35R",-5.52325675070719,"Pathogenic",1,"3"
"MLH1","N38H",-7.0111308485002,"Pathogenic",1,"3"
"MLH1","N38S",-7.0111308485002,"Pathogenic",1,"3"
"MLH1","D41G",-7.18602277343861,"Pathogenic",1,"3"
"MLH1","D41H",-7.18602277343861,"Pathogenic",1,"3"
"MLH1","S44F",-4.27816732176409,"Pathogenic",1,"3"
"MLH1","V49E",-4.48275569883871,"Pathogenic",1,"3"
"MLH1","D63E",-4.34551532286099,"Pathogenic",1,"3"
"MLH1","G67E",-7.09297212275318,"Pathogenic",1,"3"
"MLH1","G67W",-7.09297212275318,"Pathogenic",1,"3"
"MLH1","C77R",-6.56213446096667,"Pathogenic",1,"3"
"MLH1","C77Y",-5.3215402148063,"Pathogenic",1,"3"
"MLH1","T82I",-7.12466398741071,"Pathogenic",1,"3"
"MLH1","R100P",-7.11415783356981,"Pathogenic",1,"3"
"MLH1","I107R",-5.48225888643297,"Pathogenic",1,"3"
"MLH1","T117M",-6.65249598386008,"Pathogenic",1,"3"
"MLH1","R127K",-0.959681584249984,"Pathogenic",1,"3"
"MLH1","A128P",-5.65884973372594,"Pathogenic",1,"3"
"MLH1","D132H",-4.86944513386488,"Benign",0,"3"
"MLH1","L155R",-7.29497868830418,"Pathogenic",1,"3"
"MLH1","R182G",-2.75319637002063,"Pathogenic",1,"3"
"MLH1","R182K",-0.997038172777104,"Pathogenic",1,"3"
"MLH1","V185G",-4.35013185307813,"Pathogenic",1,"3"
"MLH1","V213M",-1.11602801268519,"Benign",0,"3"
"MLH1","I219L",-0.620260200924154,"Benign",0,"3"
"MLH1","R226Q",-2.29522826329663,"Pathogenic",1,"3"
"MLH1","G244D",-6.00936406697386,"Pathogenic",1,"3"
"MLH1","S247P",-5.17084801459121,"Pathogenic",1,"3"
"MLH1","L260R",-6.65079836147776,"Pathogenic",1,"3"
"MLH1","R265C",-7.63837411443384,"Pathogenic",1,"3"
"MLH1","R265S",-7.63837411443384,"Pathogenic",1,"3"
"MLH1","E268G",-5.34615675205919,"Benign",0,"3"
"MLH1","I276R",-4.46624783476671,"Pathogenic",1,"3"
"MLH1","A281V",-1.31023056499476,"Pathogenic",1,"3"
"MLH1","S295G",-2.35174884827256,"Pathogenic",1,"3"
"MLH1","S295N",-1.77496547004434,"Pathogenic",1,"3"
"MLH1","S295R",-3.70579910920308,"Pathogenic",1,"3"
"MLH1","N306K",-7.88403944007325,"Pathogenic",1,"3"
"MLH1","V326A",-3.80078769979979,"Benign",0,"3"
"MLH1","H329P",-5.17485776507686,"Pathogenic",1,"3"
"MLH1","L550P",-4.92811591116055,"Pathogenic",1,"3"
"MLH1","N551S",-1.51088200905838,"Benign",0,"3"
"MLH1","S556I",-2.79312812522274,"Pathogenic",1,"3"
"MLH1","E578G",-2.71308252851158,"Benign",0,"3"
"MLH1","L582P",-4.69639474650671,"Pathogenic",1,"3"
"MLH1","E600G",-2.53093520143251,"Benign",0,"3"
"MLH1","K618T",-5.36279978134411,"Benign",0,"3"
"MLH1","L622H",-5.23023196038549,"Pathogenic",1,"3"
"MLH1","L622P",-5.98604855037153,"Pathogenic",1,"3"
"MLH1","P648S",-4.92783180245063,"Pathogenic",1,"3"
"MLH1","P654L",-4.83052838635837,"Pathogenic",1,"3"
"MLH1","R659L",-4.63559298486262,"Pathogenic",1,"3"
"MLH1","R659P",-4.63559298486262,"Pathogenic",1,"3"
"MLH1","A681T",-2.58668478324385,"Pathogenic",1,"3"
"MLH1","R687W",-2.67887543037191,"Pathogenic",1,"3"
"MLH1","Q689R",-0.921305585972868,"Benign",0,"3"
"MLH1","S692P",-0.75655543773048,"Benign",0,"3"
"MLH1","V716M",-2.19050424718611,"Benign",0,"3"
"MLH1","H718Y",-1.28272892343321,"Benign",0,"3"
"MLH1","L749P",-4.74271889426873,"Pathogenic",1,"3"
"MLH1","R755G",-4.60685471320517,"Pathogenic",1,"3"
"MSH2","T8M",-0.340901137504532,"Benign",0,"3"
"MSH2","R106K",-0.0800964792263682,"Benign",0,"3"
"MSH2","N127S",-2.44538991170796,"Benign",0,"3"
"MSH2","V161D",-4.48786228254684,"Pathogenic",1,"3"
"MSH2","G162R",-7.05271185339948,"Pathogenic",1,"3"
"MSH2","V163D",-5.34298843766164,"Pathogenic",1,"3"
"MSH2","V163G",-4.97116243739503,"Pathogenic",1,"3"
"MSH2","D167H",-6.31904865985413,"Benign",0,"3"
"MSH2","L173R",-5.62909719192865,"Pathogenic",1,"3"
"MSH2","L187P",-5.85354804600433,"Pathogenic",1,"3"
"MSH2","L187R",-5.43181766970154,"Pathogenic",1,"3"
"MSH2","E198G",-9.08614588520783,"Benign",0,"3"
"MSH2","C199R",-7.37911433916111,"Pathogenic",1,"3"
"MSH2","V200D",-7.40240704621027,"Pathogenic",1,"3"
"MSH2","A272V",-1.32967212027408,"Benign",0,"3"
"MSH2","L310P",-9.0791151514534,"Pathogenic",1,"3"
"MSH2","G322D",-1.88130391999904,"Benign",0,"3"
"MSH2","L330P",-9.66986167350526,"Pathogenic",1,"3"
"MSH2","C333Y",-10.2469145843293,"Pathogenic",1,"3"
"MSH2","G338E",-10.8329014593495,"Pathogenic",1,"3"
"MSH2","P349L",-8.01601950448762,"Pathogenic",1,"3"
"MSH2","P349R",-9.22926075553287,"Pathogenic",1,"3"
"MSH2","R359S",-7.41777033660797,"Pathogenic",1,"3"
"MSH2","L390F",-2.37695419229079,"Benign",0,"3"
"MSH2","L440P",-4.30881117145032,"Pathogenic",1,"3"
"MSH2","M453K",-3.50847647328493,"Pathogenic",1,"3"
"MSH2","S554C",-3.4515608360133,"Pathogenic",1,"3"
"MSH2","S554G",-1.48441259113086,"Pathogenic",1,"3"
"MSH2","S554T",-1.31288138214493,"Pathogenic",1,"3"
"MSH2","T564A",-0.348654318268914,"Benign",0,"3"
"MSH2","G587R",-3.21735918592122,"Pathogenic",1,"3"
"MSH2","P622L",-8.20081779686915,"Pathogenic",1,"3"
"MSH2","Q629R",-0.093463334207265,"Benign",0,"3"
"MSH2","A636P",-4.83054447598157,"Pathogenic",1,"3"
"MSH2","H639Y",-5.25197370549228,"Pathogenic",1,"3"
"MSH2","G669V",-10.9327828683184,"Pathogenic",1,"3"
"MSH2","M688R",-7.69227742412956,"Pathogenic",1,"3"
"MSH2","V695M",-5.13587856666226,"Pathogenic",1,"3"
"MSH2","P696L",-8.5890996375694,"Pathogenic",1,"3"
"MSH2","C697F",-10.4825585837579,"Pathogenic",1,"3"
"MSH2","C697R",-10.4825585837579,"Pathogenic",1,"3"
"MSH6","S144I",-1.98048455838449,"Benign",0,"3"
"MSH6","H367R",-4.76060793354779,"Pathogenic",1,"3"
"MSH6","L396V",-0.608118563516961,"Benign",0,"3"
"MSH6","V398E",-6.91469606478407,"Pathogenic",1,"3"
"MSH6","L449P",-7.22323162416588,"Pathogenic",1,"3"
"MSH6","V480E",-6.90560631802313,"Pathogenic",1,"3"
"MSH6","T767I",-7.08557311091668,"Pathogenic",1,"3"
"MSH6","R772W",-7.98745565621018,"Pathogenic",1,"3"
"MSH6","V878A",-0.351717034451797,"Benign",0,"3"
"MSH6","L1063R",-6.22581969679614,"Pathogenic",1,"3"
"MSH6","L1211P",-6.04168012209121,"Pathogenic",1,"3"
"MSH6","R1334Q",-1.26272671675253,"Pathogenic",1,"3"
"MTOR","L1460P",-7.55310606407376,"Pathogenic",1,"3"
"MTOR","C1483R",-7.32569274398664,"Pathogenic",1,"3"
"MTOR","C1483Y",-7.32569274398664,"Pathogenic",1,"3"
"MTOR","T1977K",-3.55258935860989,"Pathogenic",1,"3"
"MTOR","T1977R",-3.55258935860989,"Pathogenic",1,"3"
"MTOR","S2215F",-3.17106355840166,"Pathogenic",1,"3"
"MTOR","S2215Y",-3.17106355840166,"Pathogenic",1,"3"
"MTOR","L2427P",-3.04918549405489,"Pathogenic",1,"3"
"PIK3CA","I391M",-0.0031252729465753,"Benign",0,"3"
"PIK3CA","E542K",-2.71269419895575,"Pathogenic",1,"3"
"PIK3CA","E726K",-0.101744765184159,"Pathogenic",1,"3"
"PIK3CA","K733R",-0.0931443795337325,"Benign",0,"3"
"PIK3CA","G914R",-3.19827493239061,"Pathogenic",1,"3"
"PIK3CA","H1047R",-2.38484704997027,"Pathogenic",1,"3"
"PMS2","R20Q",-0.501104344103917,"Benign",0,"3"
"PMS2","M622I",-0.631056217722698,"Benign",0,"3"
"PMS2","N775S",-0.733864267291647,"Benign",0,"3"
"PTEN","M1V",-2.39461471746922,"Pathogenic",1,"3"
"PTEN","K6E",-5.81245302335696,"Pathogenic",1,"3"
"PTEN","M35R",-7.17730879230124,"Pathogenic",1,"3"
"PTEN","M35V",-3.34540953779468,"Pathogenic",1,"3"
"PTEN","G36E",-4.47684658095757,"Pathogenic",1,"3"
"PTEN","P38L",-4.99326268683378,"Pathogenic",1,"3"
"PTEN","R47G",-5.32673490816891,"Pathogenic",1,"3"
"PTEN","I50T",-4.83551697253498,"Pathogenic",1,"3"
"PTEN","C71Y",-6.85831993062212,"Pathogenic",1,"3"
"PTEN","H93R",-4.28977943305834,"Pathogenic",1,"3"
"PTEN","P95L",-3.9494133738246,"Pathogenic",1,"3"
"PTEN","D107V",-4.85251877727459,"Pathogenic",1,"3"
"PTEN","D107Y",-4.7523092197208,"Pathogenic",1,"3"
"PTEN","H123D",-7.66676487425706,"Pathogenic",1,"3"
"PTEN","H123R",-7.01606830722254,"Pathogenic",1,"3"
"PTEN","C124R",-8.28965329864619,"Pathogenic",1,"3"
"PTEN","R130G",-7.71132447518305,"Pathogenic",1,"3"
"PTEN","R130P",-5.41493369159182,"Pathogenic",1,"3"
"PTEN","R130Q",-2.173646379464,"Pathogenic",1,"3"
"PTEN","T131I",-4.00186700934917,"Pathogenic",1,"3"
"PTEN","G132D",-8.31869283623263,"Pathogenic",1,"3"
"PTEN","C136Y",-1.92053966463588,"Pathogenic",1,"3"
"PTEN","Y155C",-6.17718415452687,"Pathogenic",1,"3"
"PTEN","R173C",-8.46398445474999,"Pathogenic",1,"3"
"PTEN","L181P",-7.78419041825493,"Pathogenic",1,"3"
"PTEN","P204A",-4.57617007734721,"Pathogenic",1,"3"
"PTEN","C211W",-3.397470904752,"Pathogenic",1,"3"
"PTEN","P246L",-0.825163649833684,"Pathogenic",1,"3"
"PTEN","D252G",-7.49072541322808,"Pathogenic",1,"3"
"PTEN","T277I",-2.13720749420176,"Pathogenic",1,"3"
"PTEN","L345P",-2.23263160572593,"Pathogenic",1,"3"
"RAF1","I32V",-0.049959918989841,"Benign",0,"3"
"RAF1","R40H",-0.465322794562217,"Benign",0,"3"
"RAF1","N71S",-0.56048192393305,"Benign",0,"3"
"RAF1","S257L",-4.05549272474302,"Pathogenic",1,"3"
"RAF1","S259A",-2.15857247939451,"Pathogenic",1,"3"
"RAF1","S259T",-3.52362437333124,"Pathogenic",1,"3"
"RAF1","S259Y",-4.40545819756359,"Pathogenic",1,"3"
"RAF1","P261S",-3.51579413569328,"Pathogenic",1,"3"
"RAF1","P308L",-0.595097781728543,"Benign",0,"3"
"RAF1","G361A",-6.75736173866723,"Pathogenic",1,"3"
"RAF1","D381N",-0.0076595156719804,"Benign",0,"3"
"RAF1","T491I",-6.44580422794202,"Pathogenic",1,"3"
"RAF1","L613V",-1.96618127431913,"Pathogenic",1,"3"
"RUNX1","K83E",-6.93474904521928,"Pathogenic",1,"3"
"RUNX1","A107P",-7.29122178323338,"Pathogenic",1,"3"
"RUNX1","R139Q",-7.58075582691743,"Pathogenic",1,"3"
"RUNX1","R174Q",-6.83665934484075,"Pathogenic",1,"3"
"RUNX1","R177Q",-7.80925703695538,"Pathogenic",1,"3"
"TP53","Y107H",-1.59656500473781,"Benign",0,"3"
"TP53","S127Y",-8.07108885348846,"Pathogenic",1,"3"
"TP53","P152L",-4.24497340682494,"Pathogenic",1,"3"
"TP53","Y163C",-7.83850975984194,"Pathogenic",1,"3"
"TP53","V173M",-4.92238514285954,"Pathogenic",1,"3"
"TP53","H193P",-8.25135518731248,"Pathogenic",1,"3"
"TP53","Y220C",-6.98521212435209,"Pathogenic",1,"3"
"TP53","N235S",-2.64118094815742,"Benign",0,"3"
"TP53","G245S",-5.81833350582095,"Pathogenic",1,"3"
"TP53","R248L",-7.78923574105153,"Pathogenic",1,"3"
"TP53","R248Q",-2.41390063355383,"Pathogenic",1,"3"
"TP53","R248W",-2.72930677208217,"Pathogenic",1,"3"
"TP53","V272M",-4.14864059378533,"Pathogenic",1,"3"
"TP53","R273H",-2.02805387219135,"Pathogenic",1,"3"
